Tree_id,ID,age,two_year_recid,priors_count,length_of_stay,c_charge_degree_M,race_Other,sex_Male,threshold,prediction,initial_prediction,learning_rate
0,1,0.0,0.0,1,0.0,0.0,0.0,0.0,0.17105262726545334,1.2676659528907923,0,0.2
0,1,1.0,0.0,0.0,0.0,0.0,0.0,0.0,0.10897435992956161,1.2676659528907923,0,0.2
0,1,0.0,0.0,0.0,1.0,0.0,0.0,0.0,0.00437499990221113,1.2676659528907923,0,0.2
0,2,0.0,0.0,1,0.0,0.0,0.0,0.0,0.17105262726545334,0.41414141414141414,0,0.2
0,2,1.0,0.0,0.0,0.0,0.0,0.0,0.0,0.10897435992956161,0.41414141414141414,0,0.2
0,2,0.0,0.0,0.0,-1.0,0.0,0.0,0.0,-0.00437599990221113,0.41414141414141414,0,0.2
0,3,0.0,0.0,1,0.0,0.0,0.0,0.0,0.17105262726545334,1.7891067538126362,0,0.2
0,3,-1.0,0.0,0.0,0.0,0.0,0.0,0.0,-0.10897535992956162,1.7891067538126362,0,0.2
0,3,0.0,0.0,0.0,1.0,0.0,0.0,0.0,0.035624999552965164,1.7891067538126362,0,0.2
0,4,0.0,0.0,1,0.0,0.0,0.0,0.0,0.17105262726545334,1.088,0,0.2
0,4,-1.0,0.0,0.0,0.0,0.0,0.0,0.0,-0.10897535992956162,1.088,0,0.2
0,4,0.0,0.0,0.0,-1.0,0.0,0.0,0.0,-0.035625999552965165,1.088,0,0.2
0,5,0.0,0.0,-1,0.0,0.0,0.0,0.0,-0.17105362726545334,0.1592920353982301,0,0.2
0,5,1.0,0.0,0.0,0.0,0.0,0.0,0.0,0.22435897588729858,0.1592920353982301,0,0.2
0,5,0.0,0.0,1,0.0,0.0,0.0,0.0,0.2763157933950424,0.1592920353982301,0,0.2
0,6,0.0,0.0,-1,0.0,0.0,0.0,0.0,-0.17105362726545334,-1.1063829787234043,0,0.2
0,6,1.0,0.0,0.0,0.0,0.0,0.0,0.0,0.22435897588729858,-1.1063829787234043,0,0.2
0,6,0.0,0.0,-1,0.0,0.0,0.0,0.0,-0.2763167933950424,-1.1063829787234043,0,0.2
0,7,0.0,0.0,-1,0.0,0.0,0.0,0.0,-0.17105362726545334,1.2371134020618557,0,0.2
0,7,-1.0,0.0,0.0,0.0,0.0,0.0,0.0,-0.22435997588729858,1.2371134020618557,0,0.2
0,7,0.0,0.0,1,0.0,0.0,0.0,0.0,0.32894736528396606,1.2371134020618557,0,0.2
0,8,0.0,0.0,-1,0.0,0.0,0.0,0.0,-0.17105362726545334,0.0273972602739726,0,0.2
0,8,-1.0,0.0,0.0,0.0,0.0,0.0,0.0,-0.22435997588729858,0.0273972602739726,0,0.2
0,8,0.0,0.0,-1,0.0,0.0,0.0,0.0,-0.32894836528396604,0.0273972602739726,0,0.2
1,1,0.0,0.0,1,0.0,0.0,0.0,0.0,0.22368421405553818,1.138182904254814,0,0.2
1,1,1.0,0.0,0.0,0.0,0.0,0.0,0.0,0.19871795177459717,1.138182904254814,0,0.2
1,1,0.0,0.0,1,0.0,0.0,0.0,0.0,0.06578947231173515,1.138182904254814,0,0.2
1,2,0.0,0.0,1,0.0,0.0,0.0,0.0,0.22368421405553818,0.39261270407444004,0,0.2
1,2,1.0,0.0,0.0,0.0,0.0,0.0,0.0,0.19871795177459717,0.39261270407444004,0,0.2
1,2,0.0,0.0,-1,0.0,0.0,0.0,0.0,-0.06579047231173515,0.39261270407444004,0,0.2
1,3,0.0,0.0,1,0.0,0.0,0.0,0.0,0.22368421405553818,1.582108045023942,0,0.2
1,3,-1.0,0.0,0.0,0.0,0.0,0.0,0.0,-0.19871895177459717,1.582108045023942,0,0.2
1,3,0.0,0.0,0.0,1.0,0.0,0.0,0.0,0.039374999701976776,1.582108045023942,0,0.2
1,4,0.0,0.0,1,0.0,0.0,0.0,0.0,0.22368421405553818,1.0452374766981714,0,0.2
1,4,-1.0,0.0,0.0,0.0,0.0,0.0,0.0,-0.19871895177459717,1.0452374766981714,0,0.2
1,4,0.0,0.0,0.0,-1.0,0.0,0.0,0.0,-0.03937599970197678,1.0452374766981714,0,0.2
1,5,0.0,0.0,-1,0.0,0.0,0.0,0.0,-0.22368521405553818,0.1198622784058188,0,0.2
1,5,1.0,0.0,0.0,0.0,0.0,0.0,0.0,0.301282063126564,0.1198622784058188,0,0.2
1,5,0.0,0.0,1,0.0,0.0,0.0,0.0,0.30263157188892365,0.1198622784058188,0,0.2
1,6,0.0,0.0,-1,0.0,0.0,0.0,0.0,-0.22368521405553818,-0.8970712724346337,0,0.2
1,6,1.0,0.0,0.0,0.0,0.0,0.0,0.0,0.301282063126564,-0.8970712724346337,0,0.2
1,6,0.0,0.0,-1,0.0,0.0,0.0,0.0,-0.3026325718889236,-0.8970712724346337,0,0.2
1,7,0.0,0.0,-1,0.0,0.0,0.0,0.0,-0.22368521405553818,0.2303550133670469,0,0.2
1,7,-1.0,0.0,0.0,0.0,0.0,0.0,0.0,-0.301283063126564,0.2303550133670469,0,0.2
1,7,1.0,0.0,0.0,0.0,0.0,0.0,0.0,0.4423076957464218,0.2303550133670469,0,0.2
1,8,0.0,0.0,-1,0.0,0.0,0.0,0.0,-0.22368521405553818,1.0689145214324103,0,0.2
1,8,-1.0,0.0,0.0,0.0,0.0,0.0,0.0,-0.301283063126564,1.0689145214324103,0,0.2
1,8,-1.0,0.0,0.0,0.0,0.0,0.0,0.0,-0.4423086957464218,1.0689145214324103,0,0.2
2,1,0.0,0.0,1,0.0,0.0,0.0,0.0,0.17105262726545334,0.6113647429944824,0,0.2
2,1,1.0,0.0,0.0,0.0,0.0,0.0,0.0,0.057692306116223335,0.6113647429944824,0,0.2
2,1,0.0,0.0,0.0,1.0,0.0,0.0,0.0,0.005624999990686774,0.6113647429944824,0,0.2
2,2,0.0,0.0,1,0.0,0.0,0.0,0.0,0.17105262726545334,-0.30322920421998373,0,0.2
2,2,1.0,0.0,0.0,0.0,0.0,0.0,0.0,0.057692306116223335,-0.30322920421998373,0,0.2
2,2,0.0,0.0,0.0,-1.0,0.0,0.0,0.0,-0.005625999990686774,-0.30322920421998373,0,0.2
2,3,0.0,0.0,1,0.0,0.0,0.0,0.0,0.17105262726545334,1.3163075503930444,0,0.2
2,3,-1.0,0.0,0.0,0.0,0.0,0.0,0.0,-0.057693306116223336,1.3163075503930444,0,0.2
2,3,0.0,1.0,0.0,0.0,0.0,0.0,0.0,0.5,1.3163075503930444,0,0.2
2,4,0.0,0.0,1,0.0,0.0,0.0,0.0,0.17105262726545334,0.8647923321487141,0,0.2
2,4,-1.0,0.0,0.0,0.0,0.0,0.0,0.0,-0.057693306116223336,0.8647923321487141,0,0.2
2,4,0.0,-1.0,0.0,0.0,0.0,0.0,0.0,-0.500001,0.8647923321487141,0,0.2
2,5,0.0,0.0,-1,0.0,0.0,0.0,0.0,-0.17105362726545334,-0.0913376994647105,0,0.2
2,5,1.0,0.0,0.0,0.0,0.0,0.0,0.0,0.19871795177459717,-0.0913376994647105,0,0.2
2,5,0.0,0.0,1,0.0,0.0,0.0,0.0,0.30263157188892365,-0.0913376994647105,0,0.2
2,6,0.0,0.0,-1,0.0,0.0,0.0,0.0,-0.17105362726545334,-1.0906970739690296,0,0.2
2,6,1.0,0.0,0.0,0.0,0.0,0.0,0.0,0.19871795177459717,-1.0906970739690296,0,0.2
2,6,0.0,0.0,-1,0.0,0.0,0.0,0.0,-0.3026325718889236,-1.0906970739690296,0,0.2
2,7,0.0,0.0,-1,0.0,0.0,0.0,0.0,-0.17105362726545334,0.7438917990298739,0,0.2
2,7,-1.0,0.0,0.0,0.0,0.0,0.0,0.0,-0.19871895177459717,0.7438917990298739,0,0.2
2,7,0.0,0.0,1,0.0,0.0,0.0,0.0,0.4078947454690933,0.7438917990298739,0,0.2
2,8,0.0,0.0,-1,0.0,0.0,0.0,0.0,-0.17105362726545334,-0.2842279005342577,0,0.2
2,8,-1.0,0.0,0.0,0.0,0.0,0.0,0.0,-0.19871895177459717,-0.2842279005342577,0,0.2
2,8,0.0,0.0,-1,0.0,0.0,0.0,0.0,-0.4078957454690933,-0.2842279005342577,0,0.2
3,1,0.0,0.0,1,0.0,0.0,0.0,0.0,0.09210526198148727,0.39732726722957457,0,0.2
3,1,1.0,0.0,0.0,0.0,0.0,0.0,0.0,0.04487179405987263,0.39732726722957457,0,0.2
3,1,0.0,0.0,0.0,1.0,0.0,0.0,0.0,0.00812499993480742,0.39732726722957457,0,0.2
3,2,0.0,0.0,1,0.0,0.0,0.0,0.0,0.09210526198148727,-0.7499654710770874,0,0.2
3,2,1.0,0.0,0.0,0.0,0.0,0.0,0.0,0.04487179405987263,-0.7499654710770874,0,0.2
3,2,0.0,0.0,0.0,-1.0,0.0,0.0,0.0,-0.008125999934807419,-0.7499654710770874,0,0.2
3,3,0.0,0.0,1,0.0,0.0,0.0,0.0,0.09210526198148727,1.145997264444026,0,0.2
3,3,-1.0,0.0,0.0,0.0,0.0,0.0,0.0,-0.04487279405987263,1.145997264444026,0,0.2
3,3,0.0,0.0,0.0,1.0,0.0,0.0,0.0,0.018125000409781933,1.145997264444026,0,0.2
3,4,0.0,0.0,1,0.0,0.0,0.0,0.0,0.09210526198148727,0.6080224254199068,0,0.2
3,4,-1.0,0.0,0.0,0.0,0.0,0.0,0.0,-0.04487279405987263,0.6080224254199068,0,0.2
3,4,0.0,0.0,0.0,-1.0,0.0,0.0,0.0,-0.018126000409781934,0.6080224254199068,0,0.2
3,5,0.0,0.0,-1,0.0,0.0,0.0,0.0,-0.09210626198148728,0.02597151133262333,0,0.2
3,5,1.0,0.0,0.0,0.0,0.0,0.0,0.0,0.19871795177459717,0.02597151133262333,0,0.2
3,5,0.0,0.0,1,0.0,0.0,0.0,0.0,0.30263157188892365,0.02597151133262333,0,0.2
3,6,0.0,0.0,-1,0.0,0.0,0.0,0.0,-0.09210626198148728,-0.9270500347940424,0,0.2
3,6,1.0,0.0,0.0,0.0,0.0,0.0,0.0,0.19871795177459717,-0.9270500347940424,0,0.2
3,6,0.0,0.0,-1,0.0,0.0,0.0,0.0,-0.3026325718889236,-0.9270500347940424,0,0.2
3,7,0.0,0.0,-1,0.0,0.0,0.0,0.0,-0.09210626198148728,0.9977188324498232,0,0.2
3,7,-1.0,0.0,0.0,0.0,0.0,0.0,0.0,-0.19871895177459717,0.9977188324498232,0,0.2
3,7,0.0,0.0,1,0.0,0.0,0.0,0.0,0.2763157933950424,0.9977188324498232,0,0.2
3,8,0.0,0.0,-1,0.0,0.0,0.0,0.0,-0.09210626198148728,0.005766064066761993,0,0.2
3,8,-1.0,0.0,0.0,0.0,0.0,0.0,0.0,-0.19871895177459717,0.005766064066761993,0,0.2
3,8,0.0,0.0,-1,0.0,0.0,0.0,0.0,-0.2763167933950424,0.005766064066761993,0,0.2
4,1,0.0,1,0.0,0.0,0.0,0.0,0.0,0.5,0.8186435067837611,0,0.2
4,1,0.0,0.0,0.0,0.0,0.0,1.0,0.0,0.5,0.8186435067837611,0,0.2
4,1,0.0,0.0,0.0,1.0,0.0,0.0,0.0,0.06312499940395355,0.8186435067837611,0,0.2
4,2,0.0,1,0.0,0.0,0.0,0.0,0.0,0.5,-0.028243131968842677,0,0.2
4,2,0.0,0.0,0.0,0.0,0.0,1.0,0.0,0.5,-0.028243131968842677,0,0.2
4,2,0.0,0.0,0.0,-1.0,0.0,0.0,0.0,-0.06312599940395355,-0.028243131968842677,0,0.2
4,3,0.0,1,0.0,0.0,0.0,0.0,0.0,0.5,0.7225113742471702,0,0.2
4,3,0.0,0.0,0.0,0.0,0.0,-1.0,0.0,-0.500001,0.7225113742471702,0,0.2
4,3,1.0,0.0,0.0,0.0,0.0,0.0,0.0,0.09615384787321091,0.7225113742471702,0,0.2
4,4,0.0,1,0.0,0.0,0.0,0.0,0.0,0.5,1.2246532283352112,0,0.2
4,4,0.0,0.0,0.0,0.0,0.0,-1.0,0.0,-0.500001,1.2246532283352112,0,0.2
4,4,-1.0,0.0,0.0,0.0,0.0,0.0,0.0,-0.09615484787321091,1.2246532283352112,0,0.2
4,5,0.0,-1,0.0,0.0,0.0,0.0,0.0,-0.500001,0.1524086094022918,0,0.2
4,5,0.0,0.0,0.0,0.0,0.0,1.0,0.0,0.5,0.1524086094022918,0,0.2
4,5,0.0,0.0,1.0,0.0,0.0,0.0,0.0,0.30263157188892365,0.1524086094022918,0,0.2
4,6,0.0,-1,0.0,0.0,0.0,0.0,0.0,-0.500001,-0.6755361754707239,0,0.2
4,6,0.0,0.0,0.0,0.0,0.0,1.0,0.0,0.5,-0.6755361754707239,0,0.2
4,6,0.0,0.0,-1.0,0.0,0.0,0.0,0.0,-0.3026325718889236,-0.6755361754707239,0,0.2
4,7,0.0,-1,0.0,0.0,0.0,0.0,0.0,-0.500001,0.8165970867235958,0,0.2
4,7,0.0,0.0,0.0,0.0,0.0,-1.0,0.0,-0.500001,0.8165970867235958,0,0.2
4,7,0.0,0.0,0.0,1.0,0.0,0.0,0.0,0.03687500022351742,0.8165970867235958,0,0.2
4,8,0.0,-1,0.0,0.0,0.0,0.0,0.0,-0.500001,0.11641384036382128,0,0.2
4,8,0.0,0.0,0.0,0.0,0.0,-1.0,0.0,-0.500001,0.11641384036382128,0,0.2
4,8,0.0,0.0,0.0,-1.0,0.0,0.0,0.0,-0.03687600022351742,0.11641384036382128,0,0.2
5,1,0.0,0.0,1,0.0,0.0,0.0,0.0,0.09210526198148727,0.5646429408141077,0,0.2
5,1,1.0,0.0,0.0,0.0,0.0,0.0,0.0,0.0833333358168602,0.5646429408141077,0,0.2
5,1,0.0,0.0,0.0,1.0,0.0,0.0,0.0,0.003124999930150807,0.5646429408141077,0,0.2
5,2,0.0,0.0,1,0.0,0.0,0.0,0.0,0.09210526198148727,-0.14340011036425393,0,0.2
5,2,1.0,0.0,0.0,0.0,0.0,0.0,0.0,0.0833333358168602,-0.14340011036425393,0,0.2
5,2,0.0,0.0,0.0,-1.0,0.0,0.0,0.0,-0.003125999930150807,-0.14340011036425393,0,0.2
5,3,0.0,0.0,1,0.0,0.0,0.0,0.0,0.09210526198148727,0.9862124741285859,0,0.2
5,3,-1.0,0.0,0.0,0.0,0.0,0.0,0.0,-0.0833343358168602,0.9862124741285859,0,0.2
5,3,0.0,0.0,0.0,1.0,0.0,0.0,0.0,0.20000000298023224,0.9862124741285859,0,0.2
5,4,0.0,0.0,1,0.0,0.0,0.0,0.0,0.09210526198148727,-0.3070737881914442,0,0.2
5,4,-1.0,0.0,0.0,0.0,0.0,0.0,0.0,-0.0833343358168602,-0.3070737881914442,0,0.2
5,4,0.0,0.0,0.0,-1.0,0.0,0.0,0.0,-0.20000100298023224,-0.3070737881914442,0,0.2
5,5,0.0,0.0,-1,0.0,0.0,0.0,0.0,-0.09210626198148728,-0.029071402610233797,0,0.2
5,5,1.0,0.0,0.0,0.0,0.0,0.0,0.0,0.19871795177459717,-0.029071402610233797,0,0.2
5,5,0.0,0.0,0.0,1.0,0.0,0.0,0.0,0.035624999552965164,-0.029071402610233797,0,0.2
5,6,0.0,0.0,-1,0.0,0.0,0.0,0.0,-0.09210626198148728,-0.6865340170576745,0,0.2
5,6,1.0,0.0,0.0,0.0,0.0,0.0,0.0,0.19871795177459717,-0.6865340170576745,0,0.2
5,6,0.0,0.0,0.0,-1.0,0.0,0.0,0.0,-0.035625999552965165,-0.6865340170576745,0,0.2
5,7,0.0,0.0,-1,0.0,0.0,0.0,0.0,-0.09210626198148728,0.5771442206318358,0,0.2
5,7,-1.0,0.0,0.0,0.0,0.0,0.0,0.0,-0.19871895177459717,0.5771442206318358,0,0.2
5,7,0.0,0.0,1,0.0,0.0,0.0,0.0,0.5657894611358643,0.5771442206318358,0,0.2
5,8,0.0,0.0,-1,0.0,0.0,0.0,0.0,-0.09210626198148728,-0.767578101140661,0,0.2
5,8,-1.0,0.0,0.0,0.0,0.0,0.0,0.0,-0.19871895177459717,-0.767578101140661,0,0.2
5,8,0.0,0.0,-1,0.0,0.0,0.0,0.0,-0.5657904611358643,-0.767578101140661,0,0.2
6,1,0.0,1,0.0,0.0,0.0,0.0,0.0,0.5,0.6213389268750611,0,0.2
6,1,1.0,0.0,0.0,0.0,0.0,0.0,0.0,0.18589743971824646,0.6213389268750611,0,0.2
6,1,0.0,0.0,0.0,1.0,0.0,0.0,0.0,0.06437499821186066,0.6213389268750611,0,0.2
6,2,0.0,1,0.0,0.0,0.0,0.0,0.0,0.5,-0.3886325793410713,0,0.2
6,2,1.0,0.0,0.0,0.0,0.0,0.0,0.0,0.18589743971824646,-0.3886325793410713,0,0.2
6,2,0.0,0.0,0.0,-1.0,0.0,0.0,0.0,-0.06437599821186066,-0.3886325793410713,0,0.2
6,3,0.0,1,0.0,0.0,0.0,0.0,0.0,0.5,1.0234999676957195,0,0.2
6,3,-1.0,0.0,0.0,0.0,0.0,0.0,0.0,-0.18589843971824646,1.0234999676957195,0,0.2
6,3,0.0,0.0,1.0,0.0,0.0,0.0,0.0,0.43421052396297455,1.0234999676957195,0,0.2
6,4,0.0,1,0.0,0.0,0.0,0.0,0.0,0.5,0.0602851587723381,0,0.2
6,4,-1.0,0.0,0.0,0.0,0.0,0.0,0.0,-0.18589843971824646,0.0602851587723381,0,0.2
6,4,0.0,0.0,-1.0,0.0,0.0,0.0,0.0,-0.4342115239629745,0.0602851587723381,0,0.2
6,5,0.0,-1,0.0,0.0,0.0,0.0,0.0,-0.500001,0.08227688081895167,0,0.2
6,5,0.0,0.0,0.0,0.0,0.0,1.0,0.0,0.5,0.08227688081895167,0,0.2
6,5,0.0,0.0,0.0,1.0,0.0,0.0,0.0,0.033125000074505806,0.08227688081895167,0,0.2
6,6,0.0,-1,0.0,0.0,0.0,0.0,0.0,-0.500001,-0.5643958870139327,0,0.2
6,6,0.0,0.0,0.0,0.0,0.0,1.0,0.0,0.5,-0.5643958870139327,0,0.2
6,6,0.0,0.0,0.0,-1.0,0.0,0.0,0.0,-0.03312600007450581,-0.5643958870139327,0,0.2
6,7,0.0,-1,0.0,0.0,0.0,0.0,0.0,-0.500001,-0.43581901115830224,0,0.2
6,7,0.0,0.0,0.0,0.0,0.0,-1.0,0.0,-0.500001,-0.43581901115830224,0,0.2
6,7,1.0,0.0,0.0,0.0,0.0,0.0,0.0,0.032051281072199345,-0.43581901115830224,0,0.2
6,8,0.0,-1,0.0,0.0,0.0,0.0,0.0,-0.500001,0.5780725281955936,0,0.2
6,8,0.0,0.0,0.0,0.0,0.0,-1.0,0.0,-0.500001,0.5780725281955936,0,0.2
6,8,-1.0,0.0,0.0,0.0,0.0,0.0,0.0,-0.032052281072199346,0.5780725281955936,0,0.2
7,1,0.0,0.0,1,0.0,0.0,0.0,0.0,0.2763157933950424,0.42925506353280674,0,0.2
7,1,1.0,0.0,0.0,0.0,0.0,0.0,0.0,0.10897435992956161,0.42925506353280674,0,0.2
7,1,0.0,0.0,1,0.0,0.0,0.0,0.0,0.03947368450462818,0.42925506353280674,0,0.2
7,2,0.0,0.0,1,0.0,0.0,0.0,0.0,0.2763157933950424,-0.3087293289225621,0,0.2
7,2,1.0,0.0,0.0,0.0,0.0,0.0,0.0,0.10897435992956161,-0.3087293289225621,0,0.2
7,2,0.0,0.0,-1,0.0,0.0,0.0,0.0,-0.03947468450462818,-0.3087293289225621,0,0.2
7,3,0.0,0.0,1,0.0,0.0,0.0,0.0,0.2763157933950424,0.7905051030550232,0,0.2
7,3,-1.0,0.0,0.0,0.0,0.0,0.0,0.0,-0.10897535992956162,0.7905051030550232,0,0.2
7,3,0.0,0.0,0.0,1.0,0.0,0.0,0.0,0.035624999552965164,0.7905051030550232,0,0.2
7,4,0.0,0.0,1,0.0,0.0,0.0,0.0,0.2763157933950424,0.13928635713375068,0,0.2
7,4,-1.0,0.0,0.0,0.0,0.0,0.0,0.0,-0.10897535992956162,0.13928635713375068,0,0.2
7,4,0.0,0.0,0.0,-1.0,0.0,0.0,0.0,-0.035625999552965165,0.13928635713375068,0,0.2
7,5,0.0,0.0,-1,0.0,0.0,0.0,0.0,-0.2763167933950424,-1.3226686221405732,0,0.2
7,5,1.0,0.0,0.0,0.0,0.0,0.0,0.0,0.4423076957464218,-1.3226686221405732,0,0.2
7,5,1.0,0.0,0.0,0.0,0.0,0.0,0.0,0.10897435992956161,-1.3226686221405732,0,0.2
7,6,0.0,0.0,-1,0.0,0.0,0.0,0.0,-0.2763167933950424,-0.4037807313201112,0,0.2
7,6,1.0,0.0,0.0,0.0,0.0,0.0,0.0,0.4423076957464218,-0.4037807313201112,0,0.2
7,6,-1.0,0.0,0.0,0.0,0.0,0.0,0.0,-0.10897535992956162,-0.4037807313201112,0,0.2
7,7,0.0,0.0,-1,0.0,0.0,0.0,0.0,-0.2763167933950424,-1.1256800127267956,0,0.2
7,7,-1.0,0.0,0.0,0.0,0.0,0.0,0.0,-0.4423086957464218,-1.1256800127267956,0,0.2
7,7,0.0,0.0,1,0.0,0.0,0.0,0.0,0.30263157188892365,-1.1256800127267956,0,0.2
7,8,0.0,0.0,-1,0.0,0.0,0.0,0.0,-0.2763167933950424,0.873909612945097,0,0.2
7,8,-1.0,0.0,0.0,0.0,0.0,0.0,0.0,-0.4423086957464218,0.873909612945097,0,0.2
7,8,0.0,0.0,-1,0.0,0.0,0.0,0.0,-0.3026325718889236,0.873909612945097,0,0.2
8,1,0.0,0.0,1,0.0,0.0,0.0,0.0,0.14473684132099152,-0.4390287815044902,0,0.2
8,1,1.0,0.0,0.0,0.0,0.0,0.0,0.0,0.04487179405987263,-0.4390287815044902,0,0.2
8,1,0.0,0.0,0.0,0.0,1.0,0.0,0.0,0.5,-0.4390287815044902,0,0.2
8,2,0.0,0.0,1,0.0,0.0,0.0,0.0,0.14473684132099152,0.6501758860846918,0,0.2
8,2,1.0,0.0,0.0,0.0,0.0,0.0,0.0,0.04487179405987263,0.6501758860846918,0,0.2
8,2,0.0,0.0,0.0,0.0,-1.0,0.0,0.0,-0.500001,0.6501758860846918,0,0.2
8,3,0.0,0.0,1,0.0,0.0,0.0,0.0,0.14473684132099152,0.4286367825388266,0,0.2
8,3,-1.0,0.0,0.0,0.0,0.0,0.0,0.0,-0.04487279405987263,0.4286367825388266,0,0.2
8,3,1.0,0.0,0.0,0.0,0.0,0.0,0.0,0.2499999925494194,0.4286367825388266,0,0.2
8,4,0.0,0.0,1,0.0,0.0,0.0,0.0,0.14473684132099152,0.9835249200312455,0,0.2
8,4,-1.0,0.0,0.0,0.0,0.0,0.0,0.0,-0.04487279405987263,0.9835249200312455,0,0.2
8,4,-1.0,0.0,0.0,0.0,0.0,0.0,0.0,-0.2500009925494194,0.9835249200312455,0,0.2
8,5,0.0,0.0,-1,0.0,0.0,0.0,0.0,-0.14473784132099152,-0.1562842696476102,0,0.2
8,5,1.0,0.0,0.0,0.0,0.0,0.0,0.0,0.31410257518291473,-0.1562842696476102,0,0.2
8,5,0.0,0.0,0.0,1.0,0.0,0.0,0.0,0.09937500208616257,-0.1562842696476102,0,0.2
8,6,0.0,0.0,-1,0.0,0.0,0.0,0.0,-0.14473784132099152,-1.0189640569112197,0,0.2
8,6,1.0,0.0,0.0,0.0,0.0,0.0,0.0,0.31410257518291473,-1.0189640569112197,0,0.2
8,6,0.0,0.0,0.0,-1.0,0.0,0.0,0.0,-0.09937600208616257,-1.0189640569112197,0,0.2
8,7,0.0,0.0,-1,0.0,0.0,0.0,0.0,-0.14473784132099152,0.320315422535355,0,0.2
8,7,-1.0,0.0,0.0,0.0,0.0,0.0,0.0,-0.3141035751829147,0.320315422535355,0,0.2
8,7,0.0,0.0,1,0.0,0.0,0.0,0.0,0.75,0.320315422535355,0,0.2
8,8,0.0,0.0,-1,0.0,0.0,0.0,0.0,-0.14473784132099152,1.9956813342941397,0,0.2
8,8,-1.0,0.0,0.0,0.0,0.0,0.0,0.0,-0.3141035751829147,1.9956813342941397,0,0.2
8,8,0.0,0.0,-1,0.0,0.0,0.0,0.0,-0.750001,1.9956813342941397,0,0.2
9,1,0.0,0.0,0.0,0.0,0.0,1,0.0,0.5,-0.23563149338747072,0,0.2
9,1,0.0,1.0,0.0,0.0,0.0,0.0,0.0,0.5,-0.23563149338747072,0,0.2
9,1,1.0,0.0,0.0,0.0,0.0,0.0,0.0,0.057692306116223335,-0.23563149338747072,0,0.2
9,2,0.0,0.0,0.0,0.0,0.0,1,0.0,0.5,0.43975741059171103,0,0.2
9,2,0.0,1.0,0.0,0.0,0.0,0.0,0.0,0.5,0.43975741059171103,0,0.2
9,2,-1.0,0.0,0.0,0.0,0.0,0.0,0.0,-0.057693306116223336,0.43975741059171103,0,0.2
9,3,0.0,0.0,0.0,0.0,0.0,1,0.0,0.5,0.020995700387583714,0,0.2
9,3,0.0,-1.0,0.0,0.0,0.0,0.0,0.0,-0.500001,0.020995700387583714,0,0.2
9,3,0.0,0.0,0.0,1.0,0.0,0.0,0.0,0.006874999962747097,0.020995700387583714,0,0.2
9,4,0.0,0.0,0.0,0.0,0.0,1,0.0,0.5,-0.3664767593954092,0,0.2
9,4,0.0,-1.0,0.0,0.0,0.0,0.0,0.0,-0.500001,-0.3664767593954092,0,0.2
9,4,0.0,0.0,0.0,-1.0,0.0,0.0,0.0,-0.006875999962747097,-0.3664767593954092,0,0.2
9,5,0.0,0.0,0.0,0.0,0.0,-1,0.0,-0.500001,-0.6492603641995268,0,0.2
9,5,1.0,0.0,0.0,0.0,0.0,0.0,0.0,0.019230769481509924,-0.6492603641995268,0,0.2
9,5,0.0,0.0,0.0,1.0,0.0,0.0,0.0,0.005000000004656613,-0.6492603641995268,0,0.2
9,6,0.0,0.0,0.0,0.0,0.0,-1,0.0,-0.500001,-2.2205220463469617,0,0.2
9,6,1.0,0.0,0.0,0.0,0.0,0.0,0.0,0.019230769481509924,-2.2205220463469617,0,0.2
9,6,0.0,0.0,0.0,-1.0,0.0,0.0,0.0,-0.005001000004656613,-2.2205220463469617,0,0.2
9,7,0.0,0.0,0.0,0.0,0.0,-1,0.0,-0.500001,0.7052244387999734,0,0.2
9,7,-1.0,0.0,0.0,0.0,0.0,0.0,0.0,-0.019231769481509925,0.7052244387999734,0,0.2
9,7,0.0,0.0,0.0,1.0,0.0,0.0,0.0,0.018125000409781933,0.7052244387999734,0,0.2
9,8,0.0,0.0,0.0,0.0,0.0,-1,0.0,-0.500001,0.15903960399926392,0,0.2
9,8,-1.0,0.0,0.0,0.0,0.0,0.0,0.0,-0.019231769481509925,0.15903960399926392,0,0.2
9,8,0.0,0.0,0.0,-1.0,0.0,0.0,0.0,-0.018126000409781934,0.15903960399926392,0,0.2
10,1,0.0,0.0,1,0.0,0.0,0.0,0.0,0.06578947231173515,-0.028738735828563886,0,0.2
10,1,1.0,0.0,0.0,0.0,0.0,0.0,0.0,0.04487179405987263,-0.028738735828563886,0,0.2
10,1,0.0,0.0,1,0.0,0.0,0.0,0.0,0.03947368450462818,-0.028738735828563886,0,0.2
10,2,0.0,0.0,1,0.0,0.0,0.0,0.0,0.06578947231173515,-1.1797930025210495,0,0.2
10,2,1.0,0.0,0.0,0.0,0.0,0.0,0.0,0.04487179405987263,-1.1797930025210495,0,0.2
10,2,0.0,0.0,-1,0.0,0.0,0.0,0.0,-0.03947468450462818,-1.1797930025210495,0,0.2
10,3,0.0,0.0,1,0.0,0.0,0.0,0.0,0.06578947231173515,0.6032313951017831,0,0.2
10,3,-1.0,0.0,0.0,0.0,0.0,0.0,0.0,-0.04487279405987263,0.6032313951017831,0,0.2
10,3,0.0,0.0,0.0,1.0,0.0,0.0,0.0,0.32625000178813934,0.6032313951017831,0,0.2
10,4,0.0,0.0,1,0.0,0.0,0.0,0.0,0.06578947231173515,-1.7605181790524085,0,0.2
10,4,-1.0,0.0,0.0,0.0,0.0,0.0,0.0,-0.04487279405987263,-1.7605181790524085,0,0.2
10,4,0.0,0.0,0.0,-1.0,0.0,0.0,0.0,-0.3262510017881393,-1.7605181790524085,0,0.2
10,5,0.0,0.0,-1,0.0,0.0,0.0,0.0,-0.06579047231173515,-0.43816404976369955,0,0.2
10,5,1.0,0.0,0.0,0.0,0.0,0.0,0.0,0.09615384787321091,-0.43816404976369955,0,0.2
10,5,0.0,0.0,1,0.0,0.0,0.0,0.0,0.17105262726545334,-0.43816404976369955,0,0.2
10,6,0.0,0.0,-1,0.0,0.0,0.0,0.0,-0.06579047231173515,-0.9926472450530461,0,0.2
10,6,1.0,0.0,0.0,0.0,0.0,0.0,0.0,0.09615384787321091,-0.9926472450530461,0,0.2
10,6,0.0,0.0,-1,0.0,0.0,0.0,0.0,-0.17105362726545334,-0.9926472450530461,0,0.2
10,7,0.0,0.0,-1,0.0,0.0,0.0,0.0,-0.06579047231173515,0.22065828669285573,0,0.2
10,7,-1.0,0.0,0.0,0.0,0.0,0.0,0.0,-0.09615484787321091,0.22065828669285573,0,0.2
10,7,0.0,0.0,1,0.0,0.0,0.0,0.0,0.30263157188892365,0.22065828669285573,0,0.2
10,8,0.0,0.0,-1,0.0,0.0,0.0,0.0,-0.06579047231173515,-0.27963737024419755,0,0.2
10,8,-1.0,0.0,0.0,0.0,0.0,0.0,0.0,-0.09615484787321091,-0.27963737024419755,0,0.2
10,8,0.0,0.0,-1,0.0,0.0,0.0,0.0,-0.3026325718889236,-0.27963737024419755,0,0.2
11,1,0.0,1,0.0,0.0,0.0,0.0,0.0,0.5,0.32467898041393023,0,0.2
11,1,0.0,0.0,0.0,0.0,0.0,1.0,0.0,0.5,0.32467898041393023,0,0.2
11,1,0.0,0.0,1.0,0.0,0.0,0.0,0.0,0.22368421405553818,0.32467898041393023,0,0.2
11,2,0.0,1,0.0,0.0,0.0,0.0,0.0,0.5,-0.24435781399975187,0,0.2
11,2,0.0,0.0,0.0,0.0,0.0,1.0,0.0,0.5,-0.24435781399975187,0,0.2
11,2,0.0,0.0,-1.0,0.0,0.0,0.0,0.0,-0.22368521405553818,-0.24435781399975187,0,0.2
11,3,0.0,1,0.0,0.0,0.0,0.0,0.0,0.5,-2.1247576771919796,0,0.2
11,3,0.0,0.0,0.0,0.0,0.0,-1.0,0.0,-0.500001,-2.1247576771919796,0,0.2
11,3,1.0,0.0,0.0,0.0,0.0,0.0,0.0,0.019230769481509924,-2.1247576771919796,0,0.2
11,4,0.0,1,0.0,0.0,0.0,0.0,0.0,0.5,0.7037196428121811,0,0.2
11,4,0.0,0.0,0.0,0.0,0.0,-1.0,0.0,-0.500001,0.7037196428121811,0,0.2
11,4,-1.0,0.0,0.0,0.0,0.0,0.0,0.0,-0.019231769481509925,0.7037196428121811,0,0.2
11,5,0.0,-1,0.0,0.0,0.0,0.0,0.0,-0.500001,0.020826080055249652,0,0.2
11,5,1.0,0.0,0.0,0.0,0.0,0.0,0.0,0.4423076957464218,0.020826080055249652,0,0.2
11,5,0.0,0.0,1.0,0.0,0.0,0.0,0.0,0.30263157188892365,0.020826080055249652,0,0.2
11,6,0.0,-1,0.0,0.0,0.0,0.0,0.0,-0.500001,-0.5212793035040132,0,0.2
11,6,1.0,0.0,0.0,0.0,0.0,0.0,0.0,0.4423076957464218,-0.5212793035040132,0,0.2
11,6,0.0,0.0,-1.0,0.0,0.0,0.0,0.0,-0.3026325718889236,-0.5212793035040132,0,0.2
11,7,0.0,-1,0.0,0.0,0.0,0.0,0.0,-0.500001,0.788324448784262,0,0.2
11,7,-1.0,0.0,0.0,0.0,0.0,0.0,0.0,-0.4423086957464218,0.788324448784262,0,0.2
11,7,0.0,0.0,0.0,1.0,0.0,0.0,0.0,0.051249999552965164,0.788324448784262,0,0.2
11,8,0.0,-1,0.0,0.0,0.0,0.0,0.0,-0.500001,1.4698004993897462,0,0.2
11,8,-1.0,0.0,0.0,0.0,0.0,0.0,0.0,-0.4423086957464218,1.4698004993897462,0,0.2
11,8,0.0,0.0,0.0,-1.0,0.0,0.0,0.0,-0.051250999552965165,1.4698004993897462,0,0.2
12,1,1,0.0,0.0,0.0,0.0,0.0,0.0,0.2499999925494194,0.15026138059278152,0,0.2
12,1,0.0,0.0,0.0,1.0,0.0,0.0,0.0,0.03687500022351742,0.15026138059278152,0,0.2
12,1,0.0,0.0,1.0,0.0,0.0,0.0,0.0,0.3552631586790085,0.15026138059278152,0,0.2
12,2,1,0.0,0.0,0.0,0.0,0.0,0.0,0.2499999925494194,-0.6604389622723508,0,0.2
12,2,0.0,0.0,0.0,1.0,0.0,0.0,0.0,0.03687500022351742,-0.6604389622723508,0,0.2
12,2,0.0,0.0,-1.0,0.0,0.0,0.0,0.0,-0.35526415867900846,-0.6604389622723508,0,0.2
12,3,1,0.0,0.0,0.0,0.0,0.0,0.0,0.2499999925494194,-0.26263225863083,0,0.2
12,3,0.0,0.0,0.0,-1.0,0.0,0.0,0.0,-0.03687600022351742,-0.26263225863083,0,0.2
12,3,0.0,0.0,0.0,1.0,0.0,0.0,0.0,0.13500000536441803,-0.26263225863083,0,0.2
12,4,1,0.0,0.0,0.0,0.0,0.0,0.0,0.2499999925494194,-0.609687761526353,0,0.2
12,4,0.0,0.0,0.0,-1.0,0.0,0.0,0.0,-0.03687600022351742,-0.609687761526353,0,0.2
12,4,0.0,0.0,0.0,-1.0,0.0,0.0,0.0,-0.13500100536441803,-0.609687761526353,0,0.2
12,5,-1,0.0,0.0,0.0,0.0,0.0,0.0,-0.2500009925494194,0.6333381433728799,0,0.2
12,5,0.0,0.0,1.0,0.0,0.0,0.0,0.0,0.5657894611358643,0.6333381433728799,0,0.2
12,5,0.0,0.0,0.0,1.0,0.0,0.0,0.0,0.734375,0.6333381433728799,0,0.2
12,6,-1,0.0,0.0,0.0,0.0,0.0,0.0,-0.2500009925494194,-2.463347643381318,0,0.2
12,6,0.0,0.0,1.0,0.0,0.0,0.0,0.0,0.5657894611358643,-2.463347643381318,0,0.2
12,6,0.0,0.0,0.0,-1.0,0.0,0.0,0.0,-0.734376,-2.463347643381318,0,0.2
12,7,-1,0.0,0.0,0.0,0.0,0.0,0.0,-0.2500009925494194,-1.0079998510010197,0,0.2
12,7,0.0,0.0,-1.0,0.0,0.0,0.0,0.0,-0.5657904611358643,-1.0079998510010197,0,0.2
12,7,0.0,0.0,1.0,0.0,0.0,0.0,0.0,0.75,-1.0079998510010197,0,0.2
12,8,-1,0.0,0.0,0.0,0.0,0.0,0.0,-0.2500009925494194,1.4792277099827822,0,0.2
12,8,0.0,0.0,-1.0,0.0,0.0,0.0,0.0,-0.5657904611358643,1.4792277099827822,0,0.2
12,8,0.0,0.0,-1.0,0.0,0.0,0.0,0.0,-0.750001,1.4792277099827822,0,0.2
13,1,0.0,0.0,1,0.0,0.0,0.0,0.0,0.03947368450462818,-0.01789872951377063,0,0.2
13,1,1.0,0.0,0.0,0.0,0.0,0.0,0.0,0.04487179405987263,-0.01789872951377063,0,0.2
13,1,0.0,0.0,0.0,1.0,0.0,0.0,0.0,0.06687499955296516,-0.01789872951377063,0,0.2
13,2,0.0,0.0,1,0.0,0.0,0.0,0.0,0.03947368450462818,-1.8933100012076172,0,0.2
13,2,1.0,0.0,0.0,0.0,0.0,0.0,0.0,0.04487179405987263,-1.8933100012076172,0,0.2
13,2,0.0,0.0,0.0,-1.0,0.0,0.0,0.0,-0.06687599955296517,-1.8933100012076172,0,0.2
13,3,0.0,0.0,1,0.0,0.0,0.0,0.0,0.03947368450462818,0.7459343245073452,0,0.2
13,3,-1.0,0.0,0.0,0.0,0.0,0.0,0.0,-0.04487279405987263,0.7459343245073452,0,0.2
13,3,0.0,0.0,0.0,1.0,0.0,0.0,0.0,0.0018749999580904841,0.7459343245073452,0,0.2
13,4,0.0,0.0,1,0.0,0.0,0.0,0.0,0.03947368450462818,0.33492066674537063,0,0.2
13,4,-1.0,0.0,0.0,0.0,0.0,0.0,0.0,-0.04487279405987263,0.33492066674537063,0,0.2
13,4,0.0,0.0,0.0,-1.0,0.0,0.0,0.0,-0.001875999958090484,0.33492066674537063,0,0.2
13,5,0.0,0.0,-1,0.0,0.0,0.0,0.0,-0.03947468450462818,-0.28648810887663445,0,0.2
13,5,1.0,0.0,0.0,0.0,0.0,0.0,0.0,0.10897435992956161,-0.28648810887663445,0,0.2
13,5,0.0,0.0,0.0,1.0,0.0,0.0,0.0,0.08937500044703484,-0.28648810887663445,0,0.2
13,6,0.0,0.0,-1,0.0,0.0,0.0,0.0,-0.03947468450462818,-0.9248668674176141,0,0.2
13,6,1.0,0.0,0.0,0.0,0.0,0.0,0.0,0.10897435992956161,-0.9248668674176141,0,0.2
13,6,0.0,0.0,0.0,-1.0,0.0,0.0,0.0,-0.08937600044703484,-0.9248668674176141,0,0.2
13,7,0.0,0.0,-1,0.0,0.0,0.0,0.0,-0.03947468450462818,0.4505631933398116,0,0.2
13,7,-1.0,0.0,0.0,0.0,0.0,0.0,0.0,-0.10897535992956162,0.4505631933398116,0,0.2
13,7,0.0,0.0,1,0.0,0.0,0.0,0.0,0.1184210553765297,0.4505631933398116,0,0.2
13,8,0.0,0.0,-1,0.0,0.0,0.0,0.0,-0.03947468450462818,-0.05275595901775289,0,0.2
13,8,-1.0,0.0,0.0,0.0,0.0,0.0,0.0,-0.10897535992956162,-0.05275595901775289,0,0.2
13,8,0.0,0.0,-1,0.0,0.0,0.0,0.0,-0.1184220553765297,-0.05275595901775289,0,0.2
14,1,0.0,0.0,0.0,0.0,0.0,1,0.0,0.5,-0.2896822190874883,0,0.2
14,1,0.0,1.0,0.0,0.0,0.0,0.0,0.0,0.5,-0.2896822190874883,0,0.2
14,1,1.0,0.0,0.0,0.0,0.0,0.0,0.0,0.057692306116223335,-0.2896822190874883,0,0.2
14,2,0.0,0.0,0.0,0.0,0.0,1,0.0,0.5,0.2178751172770621,0,0.2
14,2,0.0,1.0,0.0,0.0,0.0,0.0,0.0,0.5,0.2178751172770621,0,0.2
14,2,-1.0,0.0,0.0,0.0,0.0,0.0,0.0,-0.057693306116223336,0.2178751172770621,0,0.2
14,3,0.0,0.0,0.0,0.0,0.0,1,0.0,0.5,-0.23347882880932108,0,0.2
14,3,0.0,-1.0,0.0,0.0,0.0,0.0,0.0,-0.500001,-0.23347882880932108,0,0.2
14,3,0.0,0.0,0.0,0.0,1.0,0.0,0.0,0.5,-0.23347882880932108,0,0.2
14,4,0.0,0.0,0.0,0.0,0.0,1,0.0,0.5,0.08455540808198714,0,0.2
14,4,0.0,-1.0,0.0,0.0,0.0,0.0,0.0,-0.500001,0.08455540808198714,0,0.2
14,4,0.0,0.0,0.0,0.0,-1.0,0.0,0.0,-0.500001,0.08455540808198714,0,0.2
14,5,0.0,0.0,0.0,0.0,0.0,-1,0.0,-0.500001,0.1742638617675281,0,0.2
14,5,1.0,0.0,0.0,0.0,0.0,0.0,0.0,0.09615384787321091,0.1742638617675281,0,0.2
14,5,0.0,0.0,1.0,0.0,0.0,0.0,0.0,0.06578947231173515,0.1742638617675281,0,0.2
14,6,0.0,0.0,0.0,0.0,0.0,-1,0.0,-0.500001,-0.3857661599670417,0,0.2
14,6,1.0,0.0,0.0,0.0,0.0,0.0,0.0,0.09615384787321091,-0.3857661599670417,0,0.2
14,6,0.0,0.0,-1.0,0.0,0.0,0.0,0.0,-0.06579047231173515,-0.3857661599670417,0,0.2
14,7,0.0,0.0,0.0,0.0,0.0,-1,0.0,-0.500001,0.6672643139311459,0,0.2
14,7,-1.0,0.0,0.0,0.0,0.0,0.0,0.0,-0.09615484787321091,0.6672643139311459,0,0.2
14,7,0.0,0.0,1.0,0.0,0.0,0.0,0.0,0.17105262726545334,0.6672643139311459,0,0.2
14,8,0.0,0.0,0.0,0.0,0.0,-1,0.0,-0.500001,0.034966418617197126,0,0.2
14,8,-1.0,0.0,0.0,0.0,0.0,0.0,0.0,-0.09615484787321091,0.034966418617197126,0,0.2
14,8,0.0,0.0,-1.0,0.0,0.0,0.0,0.0,-0.17105362726545334,0.034966418617197126,0,0.2
15,1,1,0.0,0.0,0.0,0.0,0.0,0.0,0.2499999925494194,0.22600152239014282,0,0.2
15,1,0.0,0.0,0.0,1.0,0.0,0.0,0.0,0.00812499993480742,0.22600152239014282,0,0.2
15,1,0.0,0.0,1.0,0.0,0.0,0.0,0.0,0.09210526198148727,0.22600152239014282,0,0.2
15,2,1,0.0,0.0,0.0,0.0,0.0,0.0,0.2499999925494194,-0.15953049223547278,0,0.2
15,2,0.0,0.0,0.0,1.0,0.0,0.0,0.0,0.00812499993480742,-0.15953049223547278,0,0.2
15,2,0.0,0.0,-1.0,0.0,0.0,0.0,0.0,-0.09210626198148728,-0.15953049223547278,0,0.2
15,3,1,0.0,0.0,0.0,0.0,0.0,0.0,0.2499999925494194,-0.17846015596556924,0,0.2
15,3,0.0,0.0,0.0,-1.0,0.0,0.0,0.0,-0.008125999934807419,-0.17846015596556924,0,0.2
15,3,0.0,0.0,1.0,0.0,0.0,0.0,0.0,0.4078947454690933,-0.17846015596556924,0,0.2
15,4,1,0.0,0.0,0.0,0.0,0.0,0.0,0.2499999925494194,-0.9458547593148607,0,0.2
15,4,0.0,0.0,0.0,-1.0,0.0,0.0,0.0,-0.008125999934807419,-0.9458547593148607,0,0.2
15,4,0.0,0.0,-1.0,0.0,0.0,0.0,0.0,-0.4078957454690933,-0.9458547593148607,0,0.2
15,5,-1,0.0,0.0,0.0,0.0,0.0,0.0,-0.2500009925494194,0.6782742411592046,0,0.2
15,5,0.0,0.0,1.0,0.0,0.0,0.0,0.0,0.22368421405553818,0.6782742411592046,0,0.2
15,5,0.0,0.0,0.0,1.0,0.0,0.0,0.0,0.6868750005960464,0.6782742411592046,0,0.2
15,6,-1,0.0,0.0,0.0,0.0,0.0,0.0,-0.2500009925494194,-1.9723420858496616,0,0.2
15,6,0.0,0.0,1.0,0.0,0.0,0.0,0.0,0.22368421405553818,-1.9723420858496616,0,0.2
15,6,0.0,0.0,0.0,-1.0,0.0,0.0,0.0,-0.6868760005960465,-1.9723420858496616,0,0.2
15,7,-1,0.0,0.0,0.0,0.0,0.0,0.0,-0.2500009925494194,-0.07027883739667068,0,0.2
15,7,0.0,0.0,-1.0,0.0,0.0,0.0,0.0,-0.22368521405553818,-0.07027883739667068,0,0.2
15,7,1,0.0,0.0,0.0,0.0,0.0,0.0,0.5705128312110901,-0.07027883739667068,0,0.2
15,8,-1,0.0,0.0,0.0,0.0,0.0,0.0,-0.2500009925494194,1.4873734838060861,0,0.2
15,8,0.0,0.0,-1.0,0.0,0.0,0.0,0.0,-0.22368521405553818,1.4873734838060861,0,0.2
15,8,-1,0.0,0.0,0.0,0.0,0.0,0.0,-0.5705138312110901,1.4873734838060861,0,0.2
16,1,0.0,0.0,0.0,0.0,0.0,1,0.0,0.5,-0.48389346534117084,0,0.2
16,1,1.0,0.0,0.0,0.0,0.0,0.0,0.0,0.04487179405987263,-0.48389346534117084,0,0.2
16,1,0.0,0.0,0.0,0.0,1.0,0.0,0.0,0.5,-0.48389346534117084,0,0.2
16,2,0.0,0.0,0.0,0.0,0.0,1,0.0,0.5,0.34862023802419495,0,0.2
16,2,1.0,0.0,0.0,0.0,0.0,0.0,0.0,0.04487179405987263,0.34862023802419495,0,0.2
16,2,0.0,0.0,0.0,0.0,-1.0,0.0,0.0,-0.500001,0.34862023802419495,0,0.2
16,3,0.0,0.0,0.0,0.0,0.0,1,0.0,0.5,0.1837673455327805,0,0.2
16,3,-1.0,0.0,0.0,0.0,0.0,0.0,0.0,-0.04487279405987263,0.1837673455327805,0,0.2
16,3,0.0,0.0,1.0,0.0,0.0,0.0,0.0,0.06578947231173515,0.1837673455327805,0,0.2
16,4,0.0,0.0,0.0,0.0,0.0,1,0.0,0.5,-0.12448824221805022,0,0.2
16,4,-1.0,0.0,0.0,0.0,0.0,0.0,0.0,-0.04487279405987263,-0.12448824221805022,0,0.2
16,4,0.0,0.0,-1.0,0.0,0.0,0.0,0.0,-0.06579047231173515,-0.12448824221805022,0,0.2
16,5,0.0,0.0,0.0,0.0,0.0,-1,0.0,-0.500001,1.3454285117166302,0,0.2
16,5,1.0,0.0,0.0,0.0,0.0,0.0,0.0,0.019230769481509924,1.3454285117166302,0,0.2
16,5,0.0,0.0,0.0,1.0,0.0,0.0,0.0,0.0018749999580904841,1.3454285117166302,0,0.2
16,6,0.0,0.0,0.0,0.0,0.0,-1,0.0,-0.500001,-1.4018284258728173,0,0.2
16,6,1.0,0.0,0.0,0.0,0.0,0.0,0.0,0.019230769481509924,-1.4018284258728173,0,0.2
16,6,0.0,0.0,0.0,-1.0,0.0,0.0,0.0,-0.001875999958090484,-1.4018284258728173,0,0.2
16,7,0.0,0.0,0.0,0.0,0.0,-1,0.0,-0.500001,0.4177916887158681,0,0.2
16,7,-1.0,0.0,0.0,0.0,0.0,0.0,0.0,-0.019231769481509925,0.4177916887158681,0,0.2
16,7,0.0,0.0,0.0,1.0,0.0,0.0,0.0,0.013125000055879354,0.4177916887158681,0,0.2
16,8,0.0,0.0,0.0,0.0,0.0,-1,0.0,-0.500001,-0.009168355691968595,0,0.2
16,8,-1.0,0.0,0.0,0.0,0.0,0.0,0.0,-0.019231769481509925,-0.009168355691968595,0,0.2
16,8,0.0,0.0,0.0,-1.0,0.0,0.0,0.0,-0.013126000055879354,-0.009168355691968595,0,0.2
17,1,1,0.0,0.0,0.0,0.0,0.0,0.0,0.19871795177459717,0.2296343660231154,0,0.2
17,1,0.0,0.0,1.0,0.0,0.0,0.0,0.0,0.03947368450462818,0.2296343660231154,0,0.2
17,1,0.0,0.0,0.0,1.0,0.0,0.0,0.0,0.005624999990686774,0.2296343660231154,0,0.2
17,2,1,0.0,0.0,0.0,0.0,0.0,0.0,0.19871795177459717,-0.2142893482395678,0,0.2
17,2,0.0,0.0,1.0,0.0,0.0,0.0,0.0,0.03947368450462818,-0.2142893482395678,0,0.2
17,2,0.0,0.0,0.0,-1.0,0.0,0.0,0.0,-0.005625999990686774,-0.2142893482395678,0,0.2
17,3,1,0.0,0.0,0.0,0.0,0.0,0.0,0.19871795177459717,-0.47452451477599855,0,0.2
17,3,0.0,0.0,-1.0,0.0,0.0,0.0,0.0,-0.03947468450462818,-0.47452451477599855,0,0.2
17,3,1,0.0,0.0,0.0,0.0,0.0,0.0,0.057692306116223335,-0.47452451477599855,0,0.2
17,4,1,0.0,0.0,0.0,0.0,0.0,0.0,0.19871795177459717,-0.10907305615312313,0,0.2
17,4,0.0,0.0,-1.0,0.0,0.0,0.0,0.0,-0.03947468450462818,-0.10907305615312313,0,0.2
17,4,-1,0.0,0.0,0.0,0.0,0.0,0.0,-0.057693306116223336,-0.10907305615312313,0,0.2
17,5,-1,0.0,0.0,0.0,0.0,0.0,0.0,-0.19871895177459717,0.370945543495026,0,0.2
17,5,0.0,0.0,1.0,0.0,0.0,0.0,0.0,0.4868421107530594,0.370945543495026,0,0.2
17,5,0.0,0.0,1.0,0.0,0.0,0.0,0.0,0.46052631735801697,0.370945543495026,0,0.2
17,6,-1,0.0,0.0,0.0,0.0,0.0,0.0,-0.19871895177459717,1.2696238076890143,0,0.2
17,6,0.0,0.0,1.0,0.0,0.0,0.0,0.0,0.4868421107530594,1.2696238076890143,0,0.2
17,6,0.0,0.0,-1.0,0.0,0.0,0.0,0.0,-0.46052731735801694,1.2696238076890143,0,0.2
17,7,-1,0.0,0.0,0.0,0.0,0.0,0.0,-0.19871895177459717,-0.7239864199233702,0,0.2
17,7,0.0,0.0,-1.0,0.0,0.0,0.0,0.0,-0.48684311075305936,-0.7239864199233702,0,0.2
17,7,1,0.0,0.0,0.0,0.0,0.0,0.0,0.4294871836900711,-0.7239864199233702,0,0.2
17,8,-1,0.0,0.0,0.0,0.0,0.0,0.0,-0.19871895177459717,0.4970259983716049,0,0.2
17,8,0.0,0.0,-1.0,0.0,0.0,0.0,0.0,-0.48684311075305936,0.4970259983716049,0,0.2
17,8,-1,0.0,0.0,0.0,0.0,0.0,0.0,-0.4294881836900711,0.4970259983716049,0,0.2
18,1,0.0,0.0,0.0,0.0,1,0.0,0.0,0.5,0.1783538106686676,0,0.2
18,1,0.0,1.0,0.0,0.0,0.0,0.0,0.0,0.5,0.1783538106686676,0,0.2
18,1,0.0,0.0,0.0,1.0,0.0,0.0,0.0,0.29875001311302185,0.1783538106686676,0,0.2
18,2,0.0,0.0,0.0,0.0,1,0.0,0.0,0.5,-1.286466415231744,0,0.2
18,2,0.0,1.0,0.0,0.0,0.0,0.0,0.0,0.5,-1.286466415231744,0,0.2
18,2,0.0,0.0,0.0,-1.0,0.0,0.0,0.0,-0.2987510131130218,-1.286466415231744,0,0.2
18,3,0.0,0.0,0.0,0.0,1,0.0,0.0,0.5,-0.469669008125028,0,0.2
18,3,0.0,-1.0,0.0,0.0,0.0,0.0,0.0,-0.500001,-0.469669008125028,0,0.2
18,3,1.0,0.0,0.0,0.0,0.0,0.0,0.0,0.04487179405987263,-0.469669008125028,0,0.2
18,4,0.0,0.0,0.0,0.0,1,0.0,0.0,0.5,-0.09482380034097844,0,0.2
18,4,0.0,-1.0,0.0,0.0,0.0,0.0,0.0,-0.500001,-0.09482380034097844,0,0.2
18,4,-1.0,0.0,0.0,0.0,0.0,0.0,0.0,-0.04487279405987263,-0.09482380034097844,0,0.2
18,5,0.0,0.0,0.0,0.0,-1,0.0,0.0,-0.500001,0.2869519978645126,0,0.2
18,5,0.0,0.0,1.0,0.0,0.0,0.0,0.0,0.75,0.2869519978645126,0,0.2
18,5,0.0,0.0,1.0,0.0,0.0,0.0,0.0,0.46052631735801697,0.2869519978645126,0,0.2
18,6,0.0,0.0,0.0,0.0,-1,0.0,0.0,-0.500001,-0.7071778554135866,0,0.2
18,6,0.0,0.0,1.0,0.0,0.0,0.0,0.0,0.75,-0.7071778554135866,0,0.2
18,6,0.0,0.0,-1.0,0.0,0.0,0.0,0.0,-0.46052731735801694,-0.7071778554135866,0,0.2
18,7,0.0,0.0,0.0,0.0,-1,0.0,0.0,-0.500001,1.528606498024998,0,0.2
18,7,0.0,0.0,-1.0,0.0,0.0,0.0,0.0,-0.750001,1.528606498024998,0,0.2
18,7,0.0,0.0,0.0,1.0,0.0,0.0,0.0,0.021875000093132257,1.528606498024998,0,0.2
18,8,0.0,0.0,0.0,0.0,-1,0.0,0.0,-0.500001,3.358831000088672,0,0.2
18,8,0.0,0.0,-1.0,0.0,0.0,0.0,0.0,-0.750001,3.358831000088672,0,0.2
18,8,0.0,0.0,0.0,-1.0,0.0,0.0,0.0,-0.02187600009313226,3.358831000088672,0,0.2
19,1,0.0,0.0,0.0,0.0,0.0,1,0.0,0.5,-0.044473739493780334,0,0.2
19,1,0.0,0.0,1.0,0.0,0.0,0.0,0.0,0.75,-0.044473739493780334,0,0.2
19,1,0.0,0.0,1.0,0.0,0.0,0.0,0.0,0.5921052694320679,-0.044473739493780334,0,0.2
19,2,0.0,0.0,0.0,0.0,0.0,1,0.0,0.5,-1.1383091059854362,0,0.2
19,2,0.0,0.0,1.0,0.0,0.0,0.0,0.0,0.75,-1.1383091059854362,0,0.2
19,2,0.0,0.0,-1.0,0.0,0.0,0.0,0.0,-0.5921062694320679,-1.1383091059854362,0,0.2
19,3,0.0,0.0,0.0,0.0,0.0,1,0.0,0.5,2.1428085098256853,0,0.2
19,3,0.0,0.0,-1.0,0.0,0.0,0.0,0.0,-0.750001,2.1428085098256853,0,0.2
19,3,1.0,0.0,0.0,0.0,0.0,0.0,0.0,0.4423076957464218,2.1428085098256853,0,0.2
19,4,0.0,0.0,0.0,0.0,0.0,1,0.0,0.5,1.384646197675327,0,0.2
19,4,0.0,0.0,-1.0,0.0,0.0,0.0,0.0,-0.750001,1.384646197675327,0,0.2
19,4,-1.0,0.0,0.0,0.0,0.0,0.0,0.0,-0.4423086957464218,1.384646197675327,0,0.2
19,5,0.0,0.0,0.0,0.0,0.0,-1,0.0,-0.500001,0.008768012811926322,0,0.2
19,5,0.0,0.0,0.0,1.0,0.0,0.0,0.0,0.3050000071525574,0.008768012811926322,0,0.2
19,5,1.0,0.0,0.0,0.0,0.0,0.0,0.0,0.16025641560554504,0.008768012811926322,0,0.2
19,6,0.0,0.0,0.0,0.0,0.0,-1,0.0,-0.500001,0.46509352277881466,0,0.2
19,6,0.0,0.0,0.0,1.0,0.0,0.0,0.0,0.3050000071525574,0.46509352277881466,0,0.2
19,6,-1.0,0.0,0.0,0.0,0.0,0.0,0.0,-0.16025741560554504,0.46509352277881466,0,0.2
19,7,0.0,0.0,0.0,0.0,0.0,-1,0.0,-0.500001,1.610322486599213,0,0.2
19,7,0.0,0.0,0.0,-1.0,0.0,0.0,0.0,-0.30500100715255735,1.610322486599213,0,0.2
19,7,0.0,0.0,1.0,0.0,0.0,0.0,0.0,0.32894737273454666,1.610322486599213,0,0.2
19,8,0.0,0.0,0.0,0.0,0.0,-1,0.0,-0.500001,-1.4370030271773044,0,0.2
19,8,0.0,0.0,0.0,-1.0,0.0,0.0,0.0,-0.30500100715255735,-1.4370030271773044,0,0.2
19,8,0.0,0.0,-1.0,0.0,0.0,0.0,0.0,-0.32894837273454663,-1.4370030271773044,0,0.2
