Tree_id,ID,age,two_year_recid,priors_count,length_of_stay,c_charge_degree_M,race_Other,sex_Male,threshold,prediction
0,1,0.0,0.0,0.0,1,0.0,0.0,0.0,0.015624999534338713,0.8205128205128205
0,1,0.0,0.0,0.0,0.0,1.0,0.0,0.0,0.5,0.8205128205128205
0,1,1.0,0.0,0.0,0.0,0.0,0.0,0.0,0.19871795177459717,0.8205128205128205
0,1,0.0,0.0,0.0,0.0,0.0,0.0,1.0,0.5,0.8205128205128205
0,2,0.0,0.0,0.0,1,0.0,0.0,0.0,0.015624999534338713,0.749554367201426
0,2,0.0,0.0,0.0,0.0,1.0,0.0,0.0,0.5,0.749554367201426
0,2,1.0,0.0,0.0,0.0,0.0,0.0,0.0,0.19871795177459717,0.749554367201426
0,2,0.0,0.0,0.0,0.0,0.0,0.0,-1.0,-0.500001,0.749554367201426
0,3,0.0,0.0,0.0,1,0.0,0.0,0.0,0.015624999534338713,0.838479809976247
0,3,0.0,0.0,0.0,0.0,1.0,0.0,0.0,0.5,0.838479809976247
0,3,-1.0,0.0,0.0,0.0,0.0,0.0,0.0,-0.19871895177459717,0.838479809976247
0,3,0.0,0.0,0.0,0.0,0.0,1.0,0.0,0.5,0.838479809976247
0,4,0.0,0.0,0.0,1,0.0,0.0,0.0,0.015624999534338713,0.969939879759519
0,4,0.0,0.0,0.0,0.0,1.0,0.0,0.0,0.5,0.969939879759519
0,4,-1.0,0.0,0.0,0.0,0.0,0.0,0.0,-0.19871895177459717,0.969939879759519
0,4,0.0,0.0,0.0,0.0,0.0,-1.0,0.0,-0.500001,0.969939879759519
0,5,0.0,0.0,0.0,1,0.0,0.0,0.0,0.015624999534338713,0.8961748633879781
0,5,0.0,0.0,0.0,0.0,-1.0,0.0,0.0,-0.500001,0.8961748633879781
0,5,0.0,0.0,0.0,0.0,0.0,1.0,0.0,0.5,0.8961748633879781
0,5,0.0,1.0,0.0,0.0,0.0,0.0,0.0,0.5,0.8961748633879781
0,6,0.0,0.0,0.0,1,0.0,0.0,0.0,0.015624999534338713,0.7588652482269503
0,6,0.0,0.0,0.0,0.0,-1.0,0.0,0.0,-0.500001,0.7588652482269503
0,6,0.0,0.0,0.0,0.0,0.0,1.0,0.0,0.5,0.7588652482269503
0,6,0.0,-1.0,0.0,0.0,0.0,0.0,0.0,-0.500001,0.7588652482269503
0,7,0.0,0.0,0.0,1,0.0,0.0,0.0,0.015624999534338713,0.8896103896103896
0,7,0.0,0.0,0.0,0.0,-1.0,0.0,0.0,-0.500001,0.8896103896103896
0,7,0.0,0.0,0.0,0.0,0.0,-1.0,0.0,-0.500001,0.8896103896103896
0,7,1.0,0.0,0.0,0.0,0.0,0.0,0.0,0.17307692766189575,0.8896103896103896
0,8,0.0,0.0,0.0,1,0.0,0.0,0.0,0.015624999534338713,0.9980353634577603
0,8,0.0,0.0,0.0,0.0,-1.0,0.0,0.0,-0.500001,0.9980353634577603
0,8,0.0,0.0,0.0,0.0,0.0,-1.0,0.0,-0.500001,0.9980353634577603
0,8,-1.0,0.0,0.0,0.0,0.0,0.0,0.0,-0.17307792766189575,0.9980353634577603
0,9,0.0,0.0,0.0,-1,0.0,0.0,0.0,-0.015625999534338714,0.9117647058823529
0,9,0.0,0.0,0.0,1,0.0,0.0,0.0,0.03812500089406967,0.9117647058823529
0,9,0.0,1.0,0.0,0.0,0.0,0.0,0.0,0.5,0.9117647058823529
0,9,0.0,0.0,0.0,0.0,0.0,1.0,0.0,0.5,0.9117647058823529
0,10,0.0,0.0,0.0,-1,0.0,0.0,0.0,-0.015625999534338714,0.8133333333333334
0,10,0.0,0.0,0.0,1,0.0,0.0,0.0,0.03812500089406967,0.8133333333333334
0,10,0.0,1.0,0.0,0.0,0.0,0.0,0.0,0.5,0.8133333333333334
0,10,0.0,0.0,0.0,0.0,0.0,-1.0,0.0,-0.500001,0.8133333333333334
0,11,0.0,0.0,0.0,-1,0.0,0.0,0.0,-0.015625999534338714,0.5
0,11,0.0,0.0,0.0,1,0.0,0.0,0.0,0.03812500089406967,0.5
0,11,0.0,-1.0,0.0,0.0,0.0,0.0,0.0,-0.500001,0.5
0,11,1.0,0.0,0.0,0.0,0.0,0.0,0.0,0.22435897588729858,0.5
0,12,0.0,0.0,0.0,-1,0.0,0.0,0.0,-0.015625999534338714,0.8620689655172413
0,12,0.0,0.0,0.0,1,0.0,0.0,0.0,0.03812500089406967,0.8620689655172413
0,12,0.0,-1.0,0.0,0.0,0.0,0.0,0.0,-0.500001,0.8620689655172413
0,12,-1.0,0.0,0.0,0.0,0.0,0.0,0.0,-0.22435997588729858,0.8620689655172413
0,13,0.0,0.0,0.0,-1,0.0,0.0,0.0,-0.015625999534338714,0.4864864864864865
0,13,0.0,0.0,0.0,-1,0.0,0.0,0.0,-0.03812600089406967,0.4864864864864865
0,13,0.0,0.0,1.0,0.0,0.0,0.0,0.0,0.22368421405553818,0.4864864864864865
0,13,1.0,0.0,0.0,0.0,0.0,0.0,0.0,0.14743590354919434,0.4864864864864865
0,14,0.0,0.0,0.0,-1,0.0,0.0,0.0,-0.015625999534338714,0.7929292929292929
0,14,0.0,0.0,0.0,-1,0.0,0.0,0.0,-0.03812600089406967,0.7929292929292929
0,14,0.0,0.0,1.0,0.0,0.0,0.0,0.0,0.22368421405553818,0.7929292929292929
0,14,-1.0,0.0,0.0,0.0,0.0,0.0,0.0,-0.14743690354919434,0.7929292929292929
0,15,0.0,0.0,0.0,-1,0.0,0.0,0.0,-0.015625999534338714,0.16666666666666666
0,15,0.0,0.0,0.0,-1,0.0,0.0,0.0,-0.03812600089406967,0.16666666666666666
0,15,0.0,0.0,-1.0,0.0,0.0,0.0,0.0,-0.22368521405553818,0.16666666666666666
0,15,1.0,0.0,0.0,0.0,0.0,0.0,0.0,0.2756410390138626,0.16666666666666666
0,16,0.0,0.0,0.0,-1,0.0,0.0,0.0,-0.015625999534338714,0.6060606060606061
0,16,0.0,0.0,0.0,-1,0.0,0.0,0.0,-0.03812600089406967,0.6060606060606061
0,16,0.0,0.0,-1.0,0.0,0.0,0.0,0.0,-0.22368521405553818,0.6060606060606061
0,16,-1.0,0.0,0.0,0.0,0.0,0.0,0.0,-0.2756420390138626,0.6060606060606061
1,1,0.0,0.0,1,0.0,0.0,0.0,0.0,0.14473684132099152,0.8648111332007953
1,1,0.0,0.0,0.0,1.0,0.0,0.0,0.0,0.00812499993480742,0.8648111332007953
1,1,1.0,0.0,0.0,0.0,0.0,0.0,0.0,0.10897435992956161,0.8648111332007953
1,1,0.0,1.0,0.0,0.0,0.0,0.0,0.0,0.5,0.8648111332007953
1,2,0.0,0.0,1,0.0,0.0,0.0,0.0,0.14473684132099152,0.7105263157894737
1,2,0.0,0.0,0.0,1.0,0.0,0.0,0.0,0.00812499993480742,0.7105263157894737
1,2,1.0,0.0,0.0,0.0,0.0,0.0,0.0,0.10897435992956161,0.7105263157894737
1,2,0.0,-1.0,0.0,0.0,0.0,0.0,0.0,-0.500001,0.7105263157894737
1,3,0.0,0.0,1,0.0,0.0,0.0,0.0,0.14473684132099152,0.9231590181430096
1,3,0.0,0.0,0.0,1.0,0.0,0.0,0.0,0.00812499993480742,0.9231590181430096
1,3,-1.0,0.0,0.0,0.0,0.0,0.0,0.0,-0.10897535992956162,0.9231590181430096
1,3,1.0,0.0,0.0,0.0,0.0,0.0,0.0,0.2371794879436493,0.9231590181430096
1,4,0.0,0.0,1,0.0,0.0,0.0,0.0,0.14473684132099152,0.9901380670611439
1,4,0.0,0.0,0.0,1.0,0.0,0.0,0.0,0.00812499993480742,0.9901380670611439
1,4,-1.0,0.0,0.0,0.0,0.0,0.0,0.0,-0.10897535992956162,0.9901380670611439
1,4,-1.0,0.0,0.0,0.0,0.0,0.0,0.0,-0.2371804879436493,0.9901380670611439
1,5,0.0,0.0,1,0.0,0.0,0.0,0.0,0.14473684132099152,0.847457627118644
1,5,0.0,0.0,0.0,-1.0,0.0,0.0,0.0,-0.008125999934807419,0.847457627118644
1,5,0.0,0.0,1,0.0,0.0,0.0,0.0,0.03947368450462818,0.847457627118644
1,5,0.0,0.0,0.0,0.0,0.0,0.0,1.0,0.5,0.847457627118644
1,6,0.0,0.0,1,0.0,0.0,0.0,0.0,0.14473684132099152,0.8013245033112583
1,6,0.0,0.0,0.0,-1.0,0.0,0.0,0.0,-0.008125999934807419,0.8013245033112583
1,6,0.0,0.0,1,0.0,0.0,0.0,0.0,0.03947368450462818,0.8013245033112583
1,6,0.0,0.0,0.0,0.0,0.0,0.0,-1.0,-0.500001,0.8013245033112583
1,7,0.0,0.0,1,0.0,0.0,0.0,0.0,0.14473684132099152,0.5132743362831859
1,7,0.0,0.0,0.0,-1.0,0.0,0.0,0.0,-0.008125999934807419,0.5132743362831859
1,7,0.0,0.0,-1,0.0,0.0,0.0,0.0,-0.03947468450462818,0.5132743362831859
1,7,1.0,0.0,0.0,0.0,0.0,0.0,0.0,0.09615384787321091,0.5132743362831859
1,8,0.0,0.0,1,0.0,0.0,0.0,0.0,0.14473684132099152,0.8540372670807453
1,8,0.0,0.0,0.0,-1.0,0.0,0.0,0.0,-0.008125999934807419,0.8540372670807453
1,8,0.0,0.0,-1,0.0,0.0,0.0,0.0,-0.03947468450462818,0.8540372670807453
1,8,-1.0,0.0,0.0,0.0,0.0,0.0,0.0,-0.09615484787321091,0.8540372670807453
1,9,0.0,0.0,-1,0.0,0.0,0.0,0.0,-0.14473784132099152,0.5166666666666667
1,9,1.0,0.0,0.0,0.0,0.0,0.0,0.0,0.22435897588729858,0.5166666666666667
1,9,0.0,0.0,0.0,0.0,0.0,1.0,0.0,0.5,0.5166666666666667
1,9,0.0,0.0,1,0.0,0.0,0.0,0.0,0.2763157933950424,0.5166666666666667
1,10,0.0,0.0,-1,0.0,0.0,0.0,0.0,-0.14473784132099152,0.1592356687898089
1,10,1.0,0.0,0.0,0.0,0.0,0.0,0.0,0.22435897588729858,0.1592356687898089
1,10,0.0,0.0,0.0,0.0,0.0,1.0,0.0,0.5,0.1592356687898089
1,10,0.0,0.0,-1,0.0,0.0,0.0,0.0,-0.2763167933950424,0.1592356687898089
1,11,0.0,0.0,-1,0.0,0.0,0.0,0.0,-0.14473784132099152,0.6060606060606061
1,11,1.0,0.0,0.0,0.0,0.0,0.0,0.0,0.22435897588729858,0.6060606060606061
1,11,0.0,0.0,0.0,0.0,0.0,-1.0,0.0,-0.500001,0.6060606060606061
1,11,0.0,0.0,0.0,1.0,0.0,0.0,0.0,0.05062500014901161,0.6060606060606061
1,12,0.0,0.0,-1,0.0,0.0,0.0,0.0,-0.14473784132099152,0.08
1,12,1.0,0.0,0.0,0.0,0.0,0.0,0.0,0.22435897588729858,0.08
1,12,0.0,0.0,0.0,0.0,0.0,-1.0,0.0,-0.500001,0.08
1,12,0.0,0.0,0.0,-1.0,0.0,0.0,0.0,-0.05062600014901161,0.08
1,13,0.0,0.0,-1,0.0,0.0,0.0,0.0,-0.14473784132099152,0.7857142857142857
1,13,-1.0,0.0,0.0,0.0,0.0,0.0,0.0,-0.22435997588729858,0.7857142857142857
1,13,1.0,0.0,0.0,0.0,0.0,0.0,0.0,0.3782051354646683,0.7857142857142857
1,13,0.0,1.0,0.0,0.0,0.0,0.0,0.0,0.5,0.7857142857142857
1,14,0.0,0.0,-1,0.0,0.0,0.0,0.0,-0.14473784132099152,0.5899280575539568
1,14,-1.0,0.0,0.0,0.0,0.0,0.0,0.0,-0.22435997588729858,0.5899280575539568
1,14,1.0,0.0,0.0,0.0,0.0,0.0,0.0,0.3782051354646683,0.5899280575539568
1,14,0.0,-1.0,0.0,0.0,0.0,0.0,0.0,-0.500001,0.5899280575539568
1,15,0.0,0.0,-1,0.0,0.0,0.0,0.0,-0.14473784132099152,0.7884615384615384
1,15,-1.0,0.0,0.0,0.0,0.0,0.0,0.0,-0.22435997588729858,0.7884615384615384
1,15,-1.0,0.0,0.0,0.0,0.0,0.0,0.0,-0.37820613546466825,0.7884615384615384
1,15,0.0,0.0,0.0,0.0,1.0,0.0,0.0,0.5,0.7884615384615384
1,16,0.0,0.0,-1,0.0,0.0,0.0,0.0,-0.14473784132099152,0.9344262295081968
1,16,-1.0,0.0,0.0,0.0,0.0,0.0,0.0,-0.22435997588729858,0.9344262295081968
1,16,-1.0,0.0,0.0,0.0,0.0,0.0,0.0,-0.37820613546466825,0.9344262295081968
1,16,0.0,0.0,0.0,0.0,-1.0,0.0,0.0,-0.500001,0.9344262295081968
2,1,0.0,0.0,0.0,1,0.0,0.0,0.0,0.03687500022351742,0.8709273182957393
2,1,0.0,0.0,0.0,1,0.0,0.0,0.0,0.003124999930150807,0.8709273182957393
2,1,0.0,1.0,0.0,0.0,0.0,0.0,0.0,0.5,0.8709273182957393
2,1,1.0,0.0,0.0,0.0,0.0,0.0,0.0,0.18589743971824646,0.8709273182957393
2,2,0.0,0.0,0.0,1,0.0,0.0,0.0,0.03687500022351742,0.9571428571428572
2,2,0.0,0.0,0.0,1,0.0,0.0,0.0,0.003124999930150807,0.9571428571428572
2,2,0.0,1.0,0.0,0.0,0.0,0.0,0.0,0.5,0.9571428571428572
2,2,-1.0,0.0,0.0,0.0,0.0,0.0,0.0,-0.18589843971824646,0.9571428571428572
2,3,0.0,0.0,0.0,1,0.0,0.0,0.0,0.03687500022351742,0.7114197530864198
2,3,0.0,0.0,0.0,1,0.0,0.0,0.0,0.003124999930150807,0.7114197530864198
2,3,0.0,-1.0,0.0,0.0,0.0,0.0,0.0,-0.500001,0.7114197530864198
2,3,0.0,0.0,0.0,0.0,0.0,1.0,0.0,0.5,0.7114197530864198
2,4,0.0,0.0,0.0,1,0.0,0.0,0.0,0.03687500022351742,0.8846960167714885
2,4,0.0,0.0,0.0,1,0.0,0.0,0.0,0.003124999930150807,0.8846960167714885
2,4,0.0,-1.0,0.0,0.0,0.0,0.0,0.0,-0.500001,0.8846960167714885
2,4,0.0,0.0,0.0,0.0,0.0,-1.0,0.0,-0.500001,0.8846960167714885
2,5,0.0,0.0,0.0,1,0.0,0.0,0.0,0.03687500022351742,0.7658802177858439
2,5,0.0,0.0,0.0,-1,0.0,0.0,0.0,-0.003125999930150807,0.7658802177858439
2,5,0.0,0.0,1.0,0.0,0.0,0.0,0.0,0.2763157933950424,0.7658802177858439
2,5,0.0,0.0,0.0,0.0,0.0,1.0,0.0,0.5,0.7658802177858439
2,6,0.0,0.0,0.0,1,0.0,0.0,0.0,0.03687500022351742,0.8697183098591549
2,6,0.0,0.0,0.0,-1,0.0,0.0,0.0,-0.003125999930150807,0.8697183098591549
2,6,0.0,0.0,1.0,0.0,0.0,0.0,0.0,0.2763157933950424,0.8697183098591549
2,6,0.0,0.0,0.0,0.0,0.0,-1.0,0.0,-0.500001,0.8697183098591549
2,7,0.0,0.0,0.0,1,0.0,0.0,0.0,0.03687500022351742,0.21428571428571427
2,7,0.0,0.0,0.0,-1,0.0,0.0,0.0,-0.003125999930150807,0.21428571428571427
2,7,0.0,0.0,-1.0,0.0,0.0,0.0,0.0,-0.2763167933950424,0.21428571428571427
2,7,1.0,0.0,0.0,0.0,0.0,0.0,0.0,0.33974359929561615,0.21428571428571427
2,8,0.0,0.0,0.0,1,0.0,0.0,0.0,0.03687500022351742,0.6206896551724138
2,8,0.0,0.0,0.0,-1,0.0,0.0,0.0,-0.003125999930150807,0.6206896551724138
2,8,0.0,0.0,-1.0,0.0,0.0,0.0,0.0,-0.2763167933950424,0.6206896551724138
2,8,-1.0,0.0,0.0,0.0,0.0,0.0,0.0,-0.3397445992956161,0.6206896551724138
2,9,0.0,0.0,0.0,-1,0.0,0.0,0.0,-0.03687600022351742,0.732484076433121
2,9,0.0,1.0,0.0,0.0,0.0,0.0,0.0,0.5,0.732484076433121
2,9,0.0,0.0,0.0,1,0.0,0.0,0.0,0.29875001311302185,0.732484076433121
2,9,0.0,0.0,0.0,0.0,1.0,0.0,0.0,0.5,0.732484076433121
2,10,0.0,0.0,0.0,-1,0.0,0.0,0.0,-0.03687600022351742,0.9629629629629629
2,10,0.0,1.0,0.0,0.0,0.0,0.0,0.0,0.5,0.9629629629629629
2,10,0.0,0.0,0.0,1,0.0,0.0,0.0,0.29875001311302185,0.9629629629629629
2,10,0.0,0.0,0.0,0.0,-1.0,0.0,0.0,-0.500001,0.9629629629629629
2,11,0.0,0.0,0.0,-1,0.0,0.0,0.0,-0.03687600022351742,0.0
2,11,0.0,1.0,0.0,0.0,0.0,0.0,0.0,0.5,0.0
2,11,0.0,0.0,0.0,-1,0.0,0.0,0.0,-0.2987510131130218,0.0
2,11,1.0,0.0,0.0,0.0,0.0,0.0,0.0,0.11538461968302727,0.0
2,12,0.0,0.0,0.0,-1,0.0,0.0,0.0,-0.03687600022351742,0.25
2,12,0.0,1.0,0.0,0.0,0.0,0.0,0.0,0.5,0.25
2,12,0.0,0.0,0.0,-1,0.0,0.0,0.0,-0.2987510131130218,0.25
2,12,-1.0,0.0,0.0,0.0,0.0,0.0,0.0,-0.11538561968302727,0.25
2,13,0.0,0.0,0.0,-1,0.0,0.0,0.0,-0.03687600022351742,0.5053763440860215
2,13,0.0,-1.0,0.0,0.0,0.0,0.0,0.0,-0.500001,0.5053763440860215
2,13,0.0,0.0,1.0,0.0,0.0,0.0,0.0,0.2500000074505806,0.5053763440860215
2,13,1.0,0.0,0.0,0.0,0.0,0.0,0.0,0.2500000074505806,0.5053763440860215
2,14,0.0,0.0,0.0,-1,0.0,0.0,0.0,-0.03687600022351742,0.8
2,14,0.0,-1.0,0.0,0.0,0.0,0.0,0.0,-0.500001,0.8
2,14,0.0,0.0,1.0,0.0,0.0,0.0,0.0,0.2500000074505806,0.8
2,14,-1.0,0.0,0.0,0.0,0.0,0.0,0.0,-0.25000100745058057,0.8
2,15,0.0,0.0,0.0,-1,0.0,0.0,0.0,-0.03687600022351742,0.06451612903225806
2,15,0.0,-1.0,0.0,0.0,0.0,0.0,0.0,-0.500001,0.06451612903225806
2,15,0.0,0.0,-1.0,0.0,0.0,0.0,0.0,-0.25000100745058057,0.06451612903225806
2,15,0.0,0.0,0.0,1,0.0,0.0,0.0,0.04437500052154064,0.06451612903225806
2,16,0.0,0.0,0.0,-1,0.0,0.0,0.0,-0.03687600022351742,0.4146341463414634
2,16,0.0,-1.0,0.0,0.0,0.0,0.0,0.0,-0.500001,0.4146341463414634
2,16,0.0,0.0,-1.0,0.0,0.0,0.0,0.0,-0.25000100745058057,0.4146341463414634
2,16,0.0,0.0,0.0,-1,0.0,0.0,0.0,-0.04437600052154064,0.4146341463414634
3,1,0.0,0.0,0.0,0.0,0.0,1,0.0,0.5,0.7944664031620553
3,1,0.0,0.0,1.0,0.0,0.0,0.0,0.0,0.19736842066049576,0.7944664031620553
3,1,1.0,0.0,0.0,0.0,0.0,0.0,0.0,0.10897435992956161,0.7944664031620553
3,1,0.0,0.0,1.0,0.0,0.0,0.0,0.0,0.03947368450462818,0.7944664031620553
3,2,0.0,0.0,0.0,0.0,0.0,1,0.0,0.5,0.5863309352517986
3,2,0.0,0.0,1.0,0.0,0.0,0.0,0.0,0.19736842066049576,0.5863309352517986
3,2,1.0,0.0,0.0,0.0,0.0,0.0,0.0,0.10897435992956161,0.5863309352517986
3,2,0.0,0.0,-1.0,0.0,0.0,0.0,0.0,-0.03947468450462818,0.5863309352517986
3,3,0.0,0.0,0.0,0.0,0.0,1,0.0,0.5,0.845108695652174
3,3,0.0,0.0,1.0,0.0,0.0,0.0,0.0,0.19736842066049576,0.845108695652174
3,3,-1.0,0.0,0.0,0.0,0.0,0.0,0.0,-0.10897535992956162,0.845108695652174
3,3,1.0,0.0,0.0,0.0,0.0,0.0,0.0,0.2500000074505806,0.845108695652174
3,4,0.0,0.0,0.0,0.0,0.0,1,0.0,0.5,0.951048951048951
3,4,0.0,0.0,1.0,0.0,0.0,0.0,0.0,0.19736842066049576,0.951048951048951
3,4,-1.0,0.0,0.0,0.0,0.0,0.0,0.0,-0.10897535992956162,0.951048951048951
3,4,-1.0,0.0,0.0,0.0,0.0,0.0,0.0,-0.25000100745058057,0.951048951048951
3,5,0.0,0.0,0.0,0.0,0.0,1,0.0,0.5,0.18181818181818182
3,5,0.0,0.0,-1.0,0.0,0.0,0.0,0.0,-0.19736942066049576,0.18181818181818182
3,5,0.0,0.0,0.0,1.0,0.0,0.0,0.0,0.12999999523162842,0.18181818181818182
3,5,0.0,0.0,0.0,1.0,0.0,0.0,0.0,0.0006249999860301614,0.18181818181818182
3,6,0.0,0.0,0.0,0.0,0.0,1,0.0,0.5,0.48157894736842105
3,6,0.0,0.0,-1.0,0.0,0.0,0.0,0.0,-0.19736942066049576,0.48157894736842105
3,6,0.0,0.0,0.0,1.0,0.0,0.0,0.0,0.12999999523162842,0.48157894736842105
3,6,0.0,0.0,0.0,-1.0,0.0,0.0,0.0,-0.0006259999860301614,0.48157894736842105
3,7,0.0,0.0,0.0,0.0,0.0,1,0.0,0.5,0.3333333333333333
3,7,0.0,0.0,-1.0,0.0,0.0,0.0,0.0,-0.19736942066049576,0.3333333333333333
3,7,0.0,0.0,0.0,-1.0,0.0,0.0,0.0,-0.13000099523162842,0.3333333333333333
3,7,0.0,1.0,0.0,0.0,0.0,0.0,0.0,0.5,0.3333333333333333
3,8,0.0,0.0,0.0,0.0,0.0,1,0.0,0.5,0.24
3,8,0.0,0.0,-1.0,0.0,0.0,0.0,0.0,-0.19736942066049576,0.24
3,8,0.0,0.0,0.0,-1.0,0.0,0.0,0.0,-0.13000099523162842,0.24
3,8,0.0,-1.0,0.0,0.0,0.0,0.0,0.0,-0.500001,0.24
3,9,0.0,0.0,0.0,0.0,0.0,-1,0.0,-0.500001,0.9453125
3,9,0.0,0.0,1.0,0.0,0.0,0.0,0.0,0.22368421405553818,0.9453125
3,9,0.0,0.0,0.0,0.0,0.0,0.0,1.0,0.5,0.9453125
3,9,0.0,0.0,0.0,1.0,0.0,0.0,0.0,0.023125000298023224,0.9453125
3,10,0.0,0.0,0.0,0.0,0.0,-1,0.0,-0.500001,0.7435897435897436
3,10,0.0,0.0,1.0,0.0,0.0,0.0,0.0,0.22368421405553818,0.7435897435897436
3,10,0.0,0.0,0.0,0.0,0.0,0.0,1.0,0.5,0.7435897435897436
3,10,0.0,0.0,0.0,-1.0,0.0,0.0,0.0,-0.023126000298023225,0.7435897435897436
3,11,0.0,0.0,0.0,0.0,0.0,-1,0.0,-0.500001,0.9564796905222437
3,11,0.0,0.0,1.0,0.0,0.0,0.0,0.0,0.22368421405553818,0.9564796905222437
3,11,0.0,0.0,0.0,0.0,0.0,0.0,-1.0,-0.500001,0.9564796905222437
3,11,0.0,1.0,0.0,0.0,0.0,0.0,0.0,0.5,0.9564796905222437
3,12,0.0,0.0,0.0,0.0,0.0,-1,0.0,-0.500001,0.8371040723981901
3,12,0.0,0.0,1.0,0.0,0.0,0.0,0.0,0.22368421405553818,0.8371040723981901
3,12,0.0,0.0,0.0,0.0,0.0,0.0,-1.0,-0.500001,0.8371040723981901
3,12,0.0,-1.0,0.0,0.0,0.0,0.0,0.0,-0.500001,0.8371040723981901
3,13,0.0,0.0,0.0,0.0,0.0,-1,0.0,-0.500001,0.0
3,13,0.0,0.0,-1.0,0.0,0.0,0.0,0.0,-0.22368521405553818,0.0
3,13,0.0,0.0,0.0,0.0,1.0,0.0,0.0,0.5,0.0
3,13,1.0,0.0,0.0,0.0,0.0,0.0,0.0,0.09615384787321091,0.0
3,14,0.0,0.0,0.0,0.0,0.0,-1,0.0,-0.500001,0.5714285714285714
3,14,0.0,0.0,-1.0,0.0,0.0,0.0,0.0,-0.22368521405553818,0.5714285714285714
3,14,0.0,0.0,0.0,0.0,1.0,0.0,0.0,0.5,0.5714285714285714
3,14,-1.0,0.0,0.0,0.0,0.0,0.0,0.0,-0.09615484787321091,0.5714285714285714
3,15,0.0,0.0,0.0,0.0,0.0,-1,0.0,-0.500001,0.0
3,15,0.0,0.0,-1.0,0.0,0.0,0.0,0.0,-0.22368521405553818,0.0
3,15,0.0,0.0,0.0,0.0,-1.0,0.0,0.0,-0.500001,0.0
3,15,1.0,0.0,0.0,0.0,0.0,0.0,0.0,0.11538461968302727,0.0
3,16,0.0,0.0,0.0,0.0,0.0,-1,0.0,-0.500001,0.9090909090909091
3,16,0.0,0.0,-1.0,0.0,0.0,0.0,0.0,-0.22368521405553818,0.9090909090909091
3,16,0.0,0.0,0.0,0.0,-1.0,0.0,0.0,-0.500001,0.9090909090909091
3,16,-1.0,0.0,0.0,0.0,0.0,0.0,0.0,-0.11538561968302727,0.9090909090909091
4,1,1,0.0,0.0,0.0,0.0,0.0,0.0,0.22435897588729858,0.8643478260869565
4,1,0.0,0.0,1.0,0.0,0.0,0.0,0.0,0.09210526198148727,0.8643478260869565
4,1,0.0,1.0,0.0,0.0,0.0,0.0,0.0,0.5,0.8643478260869565
4,1,0.0,0.0,0.0,0.0,0.0,1.0,0.0,0.5,0.8643478260869565
4,2,1,0.0,0.0,0.0,0.0,0.0,0.0,0.22435897588729858,0.9256756756756757
4,2,0.0,0.0,1.0,0.0,0.0,0.0,0.0,0.09210526198148727,0.9256756756756757
4,2,0.0,1.0,0.0,0.0,0.0,0.0,0.0,0.5,0.9256756756756757
4,2,0.0,0.0,0.0,0.0,0.0,-1.0,0.0,-0.500001,0.9256756756756757
4,3,1,0.0,0.0,0.0,0.0,0.0,0.0,0.22435897588729858,0.5306122448979592
4,3,0.0,0.0,1.0,0.0,0.0,0.0,0.0,0.09210526198148727,0.5306122448979592
4,3,0.0,-1.0,0.0,0.0,0.0,0.0,0.0,-0.500001,0.5306122448979592
4,3,1,0.0,0.0,0.0,0.0,0.0,0.0,0.044871795922517776,0.5306122448979592
4,4,1,0.0,0.0,0.0,0.0,0.0,0.0,0.22435897588729858,0.8017751479289941
4,4,0.0,0.0,1.0,0.0,0.0,0.0,0.0,0.09210526198148727,0.8017751479289941
4,4,0.0,-1.0,0.0,0.0,0.0,0.0,0.0,-0.500001,0.8017751479289941
4,4,-1,0.0,0.0,0.0,0.0,0.0,0.0,-0.04487279592251778,0.8017751479289941
4,5,1,0.0,0.0,0.0,0.0,0.0,0.0,0.22435897588729858,0.5
4,5,0.0,0.0,-1.0,0.0,0.0,0.0,0.0,-0.09210626198148728,0.5
4,5,0.0,0.0,0.0,0.0,0.0,1.0,0.0,0.5,0.5
4,5,0.0,0.0,0.0,0.0,1.0,0.0,0.0,0.5,0.5
4,6,1,0.0,0.0,0.0,0.0,0.0,0.0,0.22435897588729858,0.4744525547445255
4,6,0.0,0.0,-1.0,0.0,0.0,0.0,0.0,-0.09210626198148728,0.4744525547445255
4,6,0.0,0.0,0.0,0.0,0.0,1.0,0.0,0.5,0.4744525547445255
4,6,0.0,0.0,0.0,0.0,-1.0,0.0,0.0,-0.500001,0.4744525547445255
4,7,1,0.0,0.0,0.0,0.0,0.0,0.0,0.22435897588729858,0.6964285714285714
4,7,0.0,0.0,-1.0,0.0,0.0,0.0,0.0,-0.09210626198148728,0.6964285714285714
4,7,0.0,0.0,0.0,0.0,0.0,-1.0,0.0,-0.500001,0.6964285714285714
4,7,0.0,0.0,0.0,1.0,0.0,0.0,0.0,0.036250000819563866,0.6964285714285714
4,8,1,0.0,0.0,0.0,0.0,0.0,0.0,0.22435897588729858,0.4642857142857143
4,8,0.0,0.0,-1.0,0.0,0.0,0.0,0.0,-0.09210626198148728,0.4642857142857143
4,8,0.0,0.0,0.0,0.0,0.0,-1.0,0.0,-0.500001,0.4642857142857143
4,8,0.0,0.0,0.0,-1.0,0.0,0.0,0.0,-0.03625100081956387,0.4642857142857143
4,9,-1,0.0,0.0,0.0,0.0,0.0,0.0,-0.22435997588729858,0.9148351648351648
4,9,0.0,0.0,0.0,0.0,0.0,1.0,0.0,0.5,0.9148351648351648
4,9,0.0,0.0,1.0,0.0,0.0,0.0,0.0,0.2763157933950424,0.9148351648351648
4,9,0.0,0.0,0.0,0.0,1.0,0.0,0.0,0.5,0.9148351648351648
4,10,-1,0.0,0.0,0.0,0.0,0.0,0.0,-0.22435997588729858,0.9162790697674419
4,10,0.0,0.0,0.0,0.0,0.0,1.0,0.0,0.5,0.9162790697674419
4,10,0.0,0.0,1.0,0.0,0.0,0.0,0.0,0.2763157933950424,0.9162790697674419
4,10,0.0,0.0,0.0,0.0,-1.0,0.0,0.0,-0.500001,0.9162790697674419
4,11,-1,0.0,0.0,0.0,0.0,0.0,0.0,-0.22435997588729858,0.7307692307692307
4,11,0.0,0.0,0.0,0.0,0.0,1.0,0.0,0.5,0.7307692307692307
4,11,0.0,0.0,-1.0,0.0,0.0,0.0,0.0,-0.2763167933950424,0.7307692307692307
4,11,0.0,1.0,0.0,0.0,0.0,0.0,0.0,0.5,0.7307692307692307
4,12,-1,0.0,0.0,0.0,0.0,0.0,0.0,-0.22435997588729858,0.2625
4,12,0.0,0.0,0.0,0.0,0.0,1.0,0.0,0.5,0.2625
4,12,0.0,0.0,-1.0,0.0,0.0,0.0,0.0,-0.2763167933950424,0.2625
4,12,0.0,-1.0,0.0,0.0,0.0,0.0,0.0,-0.500001,0.2625
4,13,-1,0.0,0.0,0.0,0.0,0.0,0.0,-0.22435997588729858,0.9685534591194969
4,13,0.0,0.0,0.0,0.0,0.0,-1.0,0.0,-0.500001,0.9685534591194969
4,13,1,0.0,0.0,0.0,0.0,0.0,0.0,0.4166666716337204,0.9685534591194969
4,13,0.0,0.0,0.0,0.0,0.0,0.0,1.0,0.5,0.9685534591194969
4,14,-1,0.0,0.0,0.0,0.0,0.0,0.0,-0.22435997588729858,0.9214953271028037
4,14,0.0,0.0,0.0,0.0,0.0,-1.0,0.0,-0.500001,0.9214953271028037
4,14,1,0.0,0.0,0.0,0.0,0.0,0.0,0.4166666716337204,0.9214953271028037
4,14,0.0,0.0,0.0,0.0,0.0,0.0,-1.0,-0.500001,0.9214953271028037
4,15,-1,0.0,0.0,0.0,0.0,0.0,0.0,-0.22435997588729858,1.0
4,15,0.0,0.0,0.0,0.0,0.0,-1.0,0.0,-0.500001,1.0
4,15,-1,0.0,0.0,0.0,0.0,0.0,0.0,-0.41666767163372037,1.0
4,15,0.0,0.0,0.0,1.0,0.0,0.0,0.0,0.014374999795109034,1.0
4,16,-1,0.0,0.0,0.0,0.0,0.0,0.0,-0.22435997588729858,0.9857142857142858
4,16,0.0,0.0,0.0,0.0,0.0,-1.0,0.0,-0.500001,0.9857142857142858
4,16,-1,0.0,0.0,0.0,0.0,0.0,0.0,-0.41666767163372037,0.9857142857142858
4,16,0.0,0.0,0.0,-1.0,0.0,0.0,0.0,-0.014375999795109033,0.9857142857142858
5,1,0.0,1,0.0,0.0,0.0,0.0,0.0,0.5,0.6638655462184874
5,1,0.0,0.0,0.0,0.0,0.0,1.0,0.0,0.5,0.6638655462184874
5,1,0.0,0.0,1.0,0.0,0.0,0.0,0.0,0.22368421405553818,0.6638655462184874
5,1,1.0,0.0,0.0,0.0,0.0,0.0,0.0,0.057692309841513634,0.6638655462184874
5,2,0.0,1,0.0,0.0,0.0,0.0,0.0,0.5,0.9104477611940298
5,2,0.0,0.0,0.0,0.0,0.0,1.0,0.0,0.5,0.9104477611940298
5,2,0.0,0.0,1.0,0.0,0.0,0.0,0.0,0.22368421405553818,0.9104477611940298
5,2,-1.0,0.0,0.0,0.0,0.0,0.0,0.0,-0.057693309841513635,0.9104477611940298
5,3,0.0,1,0.0,0.0,0.0,0.0,0.0,0.5,0.5641025641025641
5,3,0.0,0.0,0.0,0.0,0.0,1.0,0.0,0.5,0.5641025641025641
5,3,0.0,0.0,-1.0,0.0,0.0,0.0,0.0,-0.22368521405553818,0.5641025641025641
5,3,0.0,0.0,0.0,0.0,1.0,0.0,0.0,0.5,0.5641025641025641
5,4,0.0,1,0.0,0.0,0.0,0.0,0.0,0.5,0.5333333333333333
5,4,0.0,0.0,0.0,0.0,0.0,1.0,0.0,0.5,0.5333333333333333
5,4,0.0,0.0,-1.0,0.0,0.0,0.0,0.0,-0.22368521405553818,0.5333333333333333
5,4,0.0,0.0,0.0,0.0,-1.0,0.0,0.0,-0.500001,0.5333333333333333
5,5,0.0,1,0.0,0.0,0.0,0.0,0.0,0.5,0.8056872037914692
5,5,0.0,0.0,0.0,0.0,0.0,-1.0,0.0,-0.500001,0.8056872037914692
5,5,0.0,0.0,1.0,0.0,0.0,0.0,0.0,0.09210526198148727,0.8056872037914692
5,5,1.0,0.0,0.0,0.0,0.0,0.0,0.0,0.0833333358168602,0.8056872037914692
5,6,0.0,1,0.0,0.0,0.0,0.0,0.0,0.5,0.9860834990059643
5,6,0.0,0.0,0.0,0.0,0.0,-1.0,0.0,-0.500001,0.9860834990059643
5,6,0.0,0.0,1.0,0.0,0.0,0.0,0.0,0.09210526198148727,0.9860834990059643
5,6,-1.0,0.0,0.0,0.0,0.0,0.0,0.0,-0.0833343358168602,0.9860834990059643
5,7,0.0,1,0.0,0.0,0.0,0.0,0.0,0.5,0.8773006134969326
5,7,0.0,0.0,0.0,0.0,0.0,-1.0,0.0,-0.500001,0.8773006134969326
5,7,0.0,0.0,-1.0,0.0,0.0,0.0,0.0,-0.09210626198148728,0.8773006134969326
5,7,0.0,0.0,1.0,0.0,0.0,0.0,0.0,0.5000000149011612,0.8773006134969326
5,8,0.0,1,0.0,0.0,0.0,0.0,0.0,0.5,0.5
5,8,0.0,0.0,0.0,0.0,0.0,-1.0,0.0,-0.500001,0.5
5,8,0.0,0.0,-1.0,0.0,0.0,0.0,0.0,-0.09210626198148728,0.5
5,8,0.0,0.0,-1.0,0.0,0.0,0.0,0.0,-0.5000010149011612,0.5
5,9,0.0,-1,0.0,0.0,0.0,0.0,0.0,-0.500001,0.6435754189944134
5,9,0.0,0.0,0.0,1.0,0.0,0.0,0.0,0.033125000074505806,0.6435754189944134
5,9,1.0,0.0,0.0,0.0,0.0,0.0,0.0,0.31410257518291473,0.6435754189944134
5,9,0.0,0.0,0.0,0.0,0.0,1.0,0.0,0.5,0.6435754189944134
5,10,0.0,-1,0.0,0.0,0.0,0.0,0.0,-0.500001,0.8195876288659794
5,10,0.0,0.0,0.0,1.0,0.0,0.0,0.0,0.033125000074505806,0.8195876288659794
5,10,1.0,0.0,0.0,0.0,0.0,0.0,0.0,0.31410257518291473,0.8195876288659794
5,10,0.0,0.0,0.0,0.0,0.0,-1.0,0.0,-0.500001,0.8195876288659794
5,11,0.0,-1,0.0,0.0,0.0,0.0,0.0,-0.500001,0.837037037037037
5,11,0.0,0.0,0.0,1.0,0.0,0.0,0.0,0.033125000074505806,0.837037037037037
5,11,-1.0,0.0,0.0,0.0,0.0,0.0,0.0,-0.3141035751829147,0.837037037037037
5,11,0.0,0.0,0.0,0.0,0.0,1.0,0.0,0.5,0.837037037037037
5,12,0.0,-1,0.0,0.0,0.0,0.0,0.0,-0.500001,0.9879518072289156
5,12,0.0,0.0,0.0,1.0,0.0,0.0,0.0,0.033125000074505806,0.9879518072289156
5,12,-1.0,0.0,0.0,0.0,0.0,0.0,0.0,-0.3141035751829147,0.9879518072289156
5,12,0.0,0.0,0.0,0.0,0.0,-1.0,0.0,-0.500001,0.9879518072289156
5,13,0.0,-1,0.0,0.0,0.0,0.0,0.0,-0.500001,0.41333333333333333
5,13,0.0,0.0,0.0,-1.0,0.0,0.0,0.0,-0.03312600007450581,0.41333333333333333
5,13,0.0,0.0,0.0,1.0,0.0,0.0,0.0,0.13187500089406967,0.41333333333333333
5,13,0.0,0.0,0.0,1.0,0.0,0.0,0.0,0.051874998956918716,0.41333333333333333
5,14,0.0,-1,0.0,0.0,0.0,0.0,0.0,-0.500001,0.6423357664233577
5,14,0.0,0.0,0.0,-1.0,0.0,0.0,0.0,-0.03312600007450581,0.6423357664233577
5,14,0.0,0.0,0.0,1.0,0.0,0.0,0.0,0.13187500089406967,0.6423357664233577
5,14,0.0,0.0,0.0,-1.0,0.0,0.0,0.0,-0.05187599895691872,0.6423357664233577
5,15,0.0,-1,0.0,0.0,0.0,0.0,0.0,-0.500001,0.38461538461538464
5,15,0.0,0.0,0.0,-1.0,0.0,0.0,0.0,-0.03312600007450581,0.38461538461538464
5,15,0.0,0.0,0.0,-1.0,0.0,0.0,0.0,-0.13187600089406967,0.38461538461538464
5,15,0.0,0.0,0.0,0.0,0.0,0.0,1.0,0.5,0.38461538461538464
5,16,0.0,-1,0.0,0.0,0.0,0.0,0.0,-0.500001,0.3488372093023256
5,16,0.0,0.0,0.0,-1.0,0.0,0.0,0.0,-0.03312600007450581,0.3488372093023256
5,16,0.0,0.0,0.0,-1.0,0.0,0.0,0.0,-0.13187600089406967,0.3488372093023256
5,16,0.0,0.0,0.0,0.0,0.0,0.0,-1.0,-0.500001,0.3488372093023256
6,1,0.0,1,0.0,0.0,0.0,0.0,0.0,0.5,0.9042105263157895
6,1,0.0,0.0,0.0,0.0,0.0,1.0,0.0,0.5,0.9042105263157895
6,1,0.0,0.0,0.0,1.0,0.0,0.0,0.0,0.06437499821186066,0.9042105263157895
6,1,0.0,0.0,1.0,0.0,0.0,0.0,0.0,0.2763157933950424,0.9042105263157895
6,2,0.0,1,0.0,0.0,0.0,0.0,0.0,0.5,0.43636363636363634
6,2,0.0,0.0,0.0,0.0,0.0,1.0,0.0,0.5,0.43636363636363634
6,2,0.0,0.0,0.0,1.0,0.0,0.0,0.0,0.06437499821186066,0.43636363636363634
6,2,0.0,0.0,-1.0,0.0,0.0,0.0,0.0,-0.2763167933950424,0.43636363636363634
6,3,0.0,1,0.0,0.0,0.0,0.0,0.0,0.5,0.3541666666666667
6,3,0.0,0.0,0.0,0.0,0.0,1.0,0.0,0.5,0.3541666666666667
6,3,0.0,0.0,0.0,-1.0,0.0,0.0,0.0,-0.06437599821186066,0.3541666666666667
6,3,1.0,0.0,0.0,0.0,0.0,0.0,0.0,0.21153846383094788,0.3541666666666667
6,4,0.0,1,0.0,0.0,0.0,0.0,0.0,0.5,0.9642857142857143
6,4,0.0,0.0,0.0,0.0,0.0,1.0,0.0,0.5,0.9642857142857143
6,4,0.0,0.0,0.0,-1.0,0.0,0.0,0.0,-0.06437599821186066,0.9642857142857143
6,4,-1.0,0.0,0.0,0.0,0.0,0.0,0.0,-0.21153946383094788,0.9642857142857143
6,5,0.0,1,0.0,0.0,0.0,0.0,0.0,0.5,0.7627118644067796
6,5,0.0,0.0,0.0,0.0,0.0,-1.0,0.0,-0.500001,0.7627118644067796
6,5,0.0,0.0,0.0,0.0,0.0,0.0,1.0,0.5,0.7627118644067796
6,5,1.0,0.0,0.0,0.0,0.0,0.0,0.0,0.0833333358168602,0.7627118644067796
6,6,0.0,1,0.0,0.0,0.0,0.0,0.0,0.5,0.9622641509433962
6,6,0.0,0.0,0.0,0.0,0.0,-1.0,0.0,-0.500001,0.9622641509433962
6,6,0.0,0.0,0.0,0.0,0.0,0.0,1.0,0.5,0.9622641509433962
6,6,-1.0,0.0,0.0,0.0,0.0,0.0,0.0,-0.0833343358168602,0.9622641509433962
6,7,0.0,1,0.0,0.0,0.0,0.0,0.0,0.5,0.7740384615384616
6,7,0.0,0.0,0.0,0.0,0.0,-1.0,0.0,-0.500001,0.7740384615384616
6,7,0.0,0.0,0.0,0.0,0.0,0.0,-1.0,-0.500001,0.7740384615384616
6,7,1.0,0.0,0.0,0.0,0.0,0.0,0.0,0.09615384787321091,0.7740384615384616
6,8,0.0,1,0.0,0.0,0.0,0.0,0.0,0.5,0.9707207207207207
6,8,0.0,0.0,0.0,0.0,0.0,-1.0,0.0,-0.500001,0.9707207207207207
6,8,0.0,0.0,0.0,0.0,0.0,0.0,-1.0,-0.500001,0.9707207207207207
6,8,-1.0,0.0,0.0,0.0,0.0,0.0,0.0,-0.09615484787321091,0.9707207207207207
6,9,0.0,-1,0.0,0.0,0.0,0.0,0.0,-0.500001,0.6032388663967612
6,9,0.0,0.0,0.0,0.0,1.0,0.0,0.0,0.5,0.6032388663967612
6,9,0.0,0.0,0.0,0.0,0.0,1.0,0.0,0.5,0.6032388663967612
6,9,0.0,0.0,0.0,1.0,0.0,0.0,0.0,0.03187499940395355,0.6032388663967612
6,10,0.0,-1,0.0,0.0,0.0,0.0,0.0,-0.500001,0.40476190476190477
6,10,0.0,0.0,0.0,0.0,1.0,0.0,0.0,0.5,0.40476190476190477
6,10,0.0,0.0,0.0,0.0,0.0,1.0,0.0,0.5,0.40476190476190477
6,10,0.0,0.0,0.0,-1.0,0.0,0.0,0.0,-0.03187599940395355,0.40476190476190477
6,11,0.0,-1,0.0,0.0,0.0,0.0,0.0,-0.500001,0.8210526315789474
6,11,0.0,0.0,0.0,0.0,1.0,0.0,0.0,0.5,0.8210526315789474
6,11,0.0,0.0,0.0,0.0,0.0,-1.0,0.0,-0.500001,0.8210526315789474
6,11,0.0,0.0,0.0,0.0,0.0,0.0,1.0,0.5,0.8210526315789474
6,12,0.0,-1,0.0,0.0,0.0,0.0,0.0,-0.500001,0.7873134328358209
6,12,0.0,0.0,0.0,0.0,1.0,0.0,0.0,0.5,0.7873134328358209
6,12,0.0,0.0,0.0,0.0,0.0,-1.0,0.0,-0.500001,0.7873134328358209
6,12,0.0,0.0,0.0,0.0,0.0,0.0,-1.0,-0.500001,0.7873134328358209
6,13,0.0,-1,0.0,0.0,0.0,0.0,0.0,-0.500001,0.8225
6,13,0.0,0.0,0.0,0.0,-1.0,0.0,0.0,-0.500001,0.8225
6,13,0.0,0.0,0.0,1.0,0.0,0.0,0.0,0.04000000096857548,0.8225
6,13,1.0,0.0,0.0,0.0,0.0,0.0,0.0,0.2500000074505806,0.8225
6,14,0.0,-1,0.0,0.0,0.0,0.0,0.0,-0.500001,0.9722222222222222
6,14,0.0,0.0,0.0,0.0,-1.0,0.0,0.0,-0.500001,0.9722222222222222
6,14,0.0,0.0,0.0,1.0,0.0,0.0,0.0,0.04000000096857548,0.9722222222222222
6,14,-1.0,0.0,0.0,0.0,0.0,0.0,0.0,-0.25000100745058057,0.9722222222222222
6,15,0.0,-1,0.0,0.0,0.0,0.0,0.0,-0.500001,0.4594594594594595
6,15,0.0,0.0,0.0,0.0,-1.0,0.0,0.0,-0.500001,0.4594594594594595
6,15,0.0,0.0,0.0,-1.0,0.0,0.0,0.0,-0.04000100096857548,0.4594594594594595
6,15,0.0,0.0,0.0,0.0,0.0,1.0,0.0,0.5,0.4594594594594595
6,16,0.0,-1,0.0,0.0,0.0,0.0,0.0,-0.500001,0.8571428571428571
6,16,0.0,0.0,0.0,0.0,-1.0,0.0,0.0,-0.500001,0.8571428571428571
6,16,0.0,0.0,0.0,-1.0,0.0,0.0,0.0,-0.04000100096857548,0.8571428571428571
6,16,0.0,0.0,0.0,0.0,0.0,-1.0,0.0,-0.500001,0.8571428571428571
7,1,1,0.0,0.0,0.0,0.0,0.0,0.0,0.19871795177459717,0.8333333333333334
7,1,0.0,0.0,0.0,0.0,1.0,0.0,0.0,0.5,0.8333333333333334
7,1,0.0,0.0,1.0,0.0,0.0,0.0,0.0,0.17105262726545334,0.8333333333333334
7,1,0.0,1.0,0.0,0.0,0.0,0.0,0.0,0.5,0.8333333333333334
7,2,1,0.0,0.0,0.0,0.0,0.0,0.0,0.19871795177459717,0.685069008782936
7,2,0.0,0.0,0.0,0.0,1.0,0.0,0.0,0.5,0.685069008782936
7,2,0.0,0.0,1.0,0.0,0.0,0.0,0.0,0.17105262726545334,0.685069008782936
7,2,0.0,-1.0,0.0,0.0,0.0,0.0,0.0,-0.500001,0.685069008782936
7,3,1,0.0,0.0,0.0,0.0,0.0,0.0,0.19871795177459717,0.4166666666666667
7,3,0.0,0.0,0.0,0.0,1.0,0.0,0.0,0.5,0.4166666666666667
7,3,0.0,0.0,-1.0,0.0,0.0,0.0,0.0,-0.17105362726545334,0.4166666666666667
7,3,0.0,0.0,0.0,0.0,0.0,0.0,1.0,0.5,0.4166666666666667
7,4,1,0.0,0.0,0.0,0.0,0.0,0.0,0.19871795177459717,0.3576923076923077
7,4,0.0,0.0,0.0,0.0,1.0,0.0,0.0,0.5,0.3576923076923077
7,4,0.0,0.0,-1.0,0.0,0.0,0.0,0.0,-0.17105362726545334,0.3576923076923077
7,4,0.0,0.0,0.0,0.0,0.0,0.0,-1.0,-0.500001,0.3576923076923077
7,5,1,0.0,0.0,0.0,0.0,0.0,0.0,0.19871795177459717,0.891170431211499
7,5,0.0,0.0,0.0,0.0,-1.0,0.0,0.0,-0.500001,0.891170431211499
7,5,0.0,0.0,1.0,0.0,0.0,0.0,0.0,0.2500000074505806,0.891170431211499
7,5,0.0,1.0,0.0,0.0,0.0,0.0,0.0,0.5,0.891170431211499
7,6,1,0.0,0.0,0.0,0.0,0.0,0.0,0.19871795177459717,0.7777777777777778
7,6,0.0,0.0,0.0,0.0,-1.0,0.0,0.0,-0.500001,0.7777777777777778
7,6,0.0,0.0,1.0,0.0,0.0,0.0,0.0,0.2500000074505806,0.7777777777777778
7,6,0.0,-1.0,0.0,0.0,0.0,0.0,0.0,-0.500001,0.7777777777777778
7,7,1,0.0,0.0,0.0,0.0,0.0,0.0,0.19871795177459717,0.42857142857142855
7,7,0.0,0.0,0.0,0.0,-1.0,0.0,0.0,-0.500001,0.42857142857142855
7,7,0.0,0.0,-1.0,0.0,0.0,0.0,0.0,-0.25000100745058057,0.42857142857142855
7,7,0.0,0.0,1.0,0.0,0.0,0.0,0.0,0.2763157933950424,0.42857142857142855
7,8,1,0.0,0.0,0.0,0.0,0.0,0.0,0.19871795177459717,0.0
7,8,0.0,0.0,0.0,0.0,-1.0,0.0,0.0,-0.500001,0.0
7,8,0.0,0.0,-1.0,0.0,0.0,0.0,0.0,-0.25000100745058057,0.0
7,8,0.0,0.0,-1.0,0.0,0.0,0.0,0.0,-0.2763167933950424,0.0
7,9,-1,0.0,0.0,0.0,0.0,0.0,0.0,-0.19871895177459717,0.9591160220994475
7,9,0.0,0.0,0.0,1.0,0.0,0.0,0.0,0.04062500037252903,0.9591160220994475
7,9,0.0,0.0,0.0,0.0,1.0,0.0,0.0,0.5,0.9591160220994475
7,9,0.0,0.0,1.0,0.0,0.0,0.0,0.0,0.2763157933950424,0.9591160220994475
7,10,-1,0.0,0.0,0.0,0.0,0.0,0.0,-0.19871895177459717,0.5137614678899083
7,10,0.0,0.0,0.0,1.0,0.0,0.0,0.0,0.04062500037252903,0.5137614678899083
7,10,0.0,0.0,0.0,0.0,1.0,0.0,0.0,0.5,0.5137614678899083
7,10,0.0,0.0,-1.0,0.0,0.0,0.0,0.0,-0.2763167933950424,0.5137614678899083
7,11,-1,0.0,0.0,0.0,0.0,0.0,0.0,-0.19871895177459717,0.926509186351706
7,11,0.0,0.0,0.0,1.0,0.0,0.0,0.0,0.04062500037252903,0.926509186351706
7,11,0.0,0.0,0.0,0.0,-1.0,0.0,0.0,-0.500001,0.926509186351706
7,11,1,0.0,0.0,0.0,0.0,0.0,0.0,0.35256411135196686,0.926509186351706
7,12,-1,0.0,0.0,0.0,0.0,0.0,0.0,-0.19871895177459717,0.9798850574712644
7,12,0.0,0.0,0.0,1.0,0.0,0.0,0.0,0.04062500037252903,0.9798850574712644
7,12,0.0,0.0,0.0,0.0,-1.0,0.0,0.0,-0.500001,0.9798850574712644
7,12,-1,0.0,0.0,0.0,0.0,0.0,0.0,-0.35256511135196683,0.9798850574712644
7,13,-1,0.0,0.0,0.0,0.0,0.0,0.0,-0.19871895177459717,0.6394557823129252
7,13,0.0,0.0,0.0,-1.0,0.0,0.0,0.0,-0.04062600037252903,0.6394557823129252
7,13,1,0.0,0.0,0.0,0.0,0.0,0.0,0.4423076957464218,0.6394557823129252
7,13,0.0,0.0,0.0,0.0,1.0,0.0,0.0,0.5,0.6394557823129252
7,14,-1,0.0,0.0,0.0,0.0,0.0,0.0,-0.19871895177459717,0.7241379310344828
7,14,0.0,0.0,0.0,-1.0,0.0,0.0,0.0,-0.04062600037252903,0.7241379310344828
7,14,1,0.0,0.0,0.0,0.0,0.0,0.0,0.4423076957464218,0.7241379310344828
7,14,0.0,0.0,0.0,0.0,-1.0,0.0,0.0,-0.500001,0.7241379310344828
7,15,-1,0.0,0.0,0.0,0.0,0.0,0.0,-0.19871895177459717,0.9117647058823529
7,15,0.0,0.0,0.0,-1.0,0.0,0.0,0.0,-0.04062600037252903,0.9117647058823529
7,15,-1,0.0,0.0,0.0,0.0,0.0,0.0,-0.4423086957464218,0.9117647058823529
7,15,1,0.0,0.0,0.0,0.0,0.0,0.0,0.532051295042038,0.9117647058823529
7,16,-1,0.0,0.0,0.0,0.0,0.0,0.0,-0.19871895177459717,0.5714285714285714
7,16,0.0,0.0,0.0,-1.0,0.0,0.0,0.0,-0.04062600037252903,0.5714285714285714
7,16,-1,0.0,0.0,0.0,0.0,0.0,0.0,-0.4423086957464218,0.5714285714285714
7,16,-1,0.0,0.0,0.0,0.0,0.0,0.0,-0.532052295042038,0.5714285714285714
8,1,0.0,0.0,0.0,0.0,1,0.0,0.0,0.5,0.7817697937458417
8,1,1.0,0.0,0.0,0.0,0.0,0.0,0.0,0.19871795177459717,0.7817697937458417
8,1,0.0,0.0,0.0,1.0,0.0,0.0,0.0,0.08937500044703484,0.7817697937458417
8,1,0.0,0.0,1.0,0.0,0.0,0.0,0.0,0.2763157933950424,0.7817697937458417
8,2,0.0,0.0,0.0,0.0,1,0.0,0.0,0.5,0.2222222222222222
8,2,1.0,0.0,0.0,0.0,0.0,0.0,0.0,0.19871795177459717,0.2222222222222222
8,2,0.0,0.0,0.0,1.0,0.0,0.0,0.0,0.08937500044703484,0.2222222222222222
8,2,0.0,0.0,-1.0,0.0,0.0,0.0,0.0,-0.2763167933950424,0.2222222222222222
8,3,0.0,0.0,0.0,0.0,1,0.0,0.0,0.5,0.42857142857142855
8,3,1.0,0.0,0.0,0.0,0.0,0.0,0.0,0.19871795177459717,0.42857142857142855
8,3,0.0,0.0,0.0,-1.0,0.0,0.0,0.0,-0.08937600044703484,0.42857142857142855
8,3,0.0,1.0,0.0,0.0,0.0,0.0,0.0,0.5,0.42857142857142855
8,4,0.0,0.0,0.0,0.0,1,0.0,0.0,0.5,0.26153846153846155
8,4,1.0,0.0,0.0,0.0,0.0,0.0,0.0,0.19871795177459717,0.26153846153846155
8,4,0.0,0.0,0.0,-1.0,0.0,0.0,0.0,-0.08937600044703484,0.26153846153846155
8,4,0.0,-1.0,0.0,0.0,0.0,0.0,0.0,-0.500001,0.26153846153846155
8,5,0.0,0.0,0.0,0.0,1,0.0,0.0,0.5,0.9534883720930233
8,5,-1.0,0.0,0.0,0.0,0.0,0.0,0.0,-0.19871895177459717,0.9534883720930233
8,5,0.0,1.0,0.0,0.0,0.0,0.0,0.0,0.5,0.9534883720930233
8,5,0.0,0.0,0.0,1.0,0.0,0.0,0.0,0.14375000447034836,0.9534883720930233
8,6,0.0,0.0,0.0,0.0,1,0.0,0.0,0.5,0.65
8,6,-1.0,0.0,0.0,0.0,0.0,0.0,0.0,-0.19871895177459717,0.65
8,6,0.0,1.0,0.0,0.0,0.0,0.0,0.0,0.5,0.65
8,6,0.0,0.0,0.0,-1.0,0.0,0.0,0.0,-0.14375100447034836,0.65
8,7,0.0,0.0,0.0,0.0,1,0.0,0.0,0.5,0.7872340425531915
8,7,-1.0,0.0,0.0,0.0,0.0,0.0,0.0,-0.19871895177459717,0.7872340425531915
8,7,0.0,-1.0,0.0,0.0,0.0,0.0,0.0,-0.500001,0.7872340425531915
8,7,0.0,0.0,0.0,0.0,0.0,0.0,1.0,0.5,0.7872340425531915
8,8,0.0,0.0,0.0,0.0,1,0.0,0.0,0.5,0.7828418230563002
8,8,-1.0,0.0,0.0,0.0,0.0,0.0,0.0,-0.19871895177459717,0.7828418230563002
8,8,0.0,-1.0,0.0,0.0,0.0,0.0,0.0,-0.500001,0.7828418230563002
8,8,0.0,0.0,0.0,0.0,0.0,0.0,-1.0,-0.500001,0.7828418230563002
8,9,0.0,0.0,0.0,0.0,-1,0.0,0.0,-0.500001,0.956268221574344
8,9,0.0,0.0,1.0,0.0,0.0,0.0,0.0,0.30263157188892365,0.956268221574344
8,9,0.0,1.0,0.0,0.0,0.0,0.0,0.0,0.5,0.956268221574344
8,9,0.0,0.0,1.0,0.0,0.0,0.0,0.0,0.22368421405553818,0.956268221574344
8,10,0.0,0.0,0.0,0.0,-1,0.0,0.0,-0.500001,0.7222222222222222
8,10,0.0,0.0,1.0,0.0,0.0,0.0,0.0,0.30263157188892365,0.7222222222222222
8,10,0.0,1.0,0.0,0.0,0.0,0.0,0.0,0.5,0.7222222222222222
8,10,0.0,0.0,-1.0,0.0,0.0,0.0,0.0,-0.22368521405553818,0.7222222222222222
8,11,0.0,0.0,0.0,0.0,-1,0.0,0.0,-0.500001,0.8681898066783831
8,11,0.0,0.0,1.0,0.0,0.0,0.0,0.0,0.30263157188892365,0.8681898066783831
8,11,0.0,-1.0,0.0,0.0,0.0,0.0,0.0,-0.500001,0.8681898066783831
8,11,0.0,0.0,0.0,1.0,0.0,0.0,0.0,0.09937500208616257,0.8681898066783831
8,12,0.0,0.0,0.0,0.0,-1,0.0,0.0,-0.500001,0.2857142857142857
8,12,0.0,0.0,1.0,0.0,0.0,0.0,0.0,0.30263157188892365,0.2857142857142857
8,12,0.0,-1.0,0.0,0.0,0.0,0.0,0.0,-0.500001,0.2857142857142857
8,12,0.0,0.0,0.0,-1.0,0.0,0.0,0.0,-0.09937600208616257,0.2857142857142857
8,13,0.0,0.0,0.0,0.0,-1,0.0,0.0,-0.500001,0.13333333333333333
8,13,0.0,0.0,-1.0,0.0,0.0,0.0,0.0,-0.3026325718889236,0.13333333333333333
8,13,0.0,0.0,0.0,0.0,0.0,1.0,0.0,0.5,0.13333333333333333
8,13,0.0,0.0,1.0,0.0,0.0,0.0,0.0,0.3815789520740509,0.13333333333333333
8,14,0.0,0.0,0.0,0.0,-1,0.0,0.0,-0.500001,0.3888888888888889
8,14,0.0,0.0,-1.0,0.0,0.0,0.0,0.0,-0.3026325718889236,0.3888888888888889
8,14,0.0,0.0,0.0,0.0,0.0,1.0,0.0,0.5,0.3888888888888889
8,14,0.0,0.0,-1.0,0.0,0.0,0.0,0.0,-0.3815799520740509,0.3888888888888889
8,15,0.0,0.0,0.0,0.0,-1,0.0,0.0,-0.500001,1.0
8,15,0.0,0.0,-1.0,0.0,0.0,0.0,0.0,-0.3026325718889236,1.0
8,15,0.0,0.0,0.0,0.0,0.0,-1.0,0.0,-0.500001,1.0
8,15,0.0,0.0,1.0,0.0,0.0,0.0,0.0,0.5,1.0
8,16,0.0,0.0,0.0,0.0,-1,0.0,0.0,-0.500001,0.6666666666666666
8,16,0.0,0.0,-1.0,0.0,0.0,0.0,0.0,-0.3026325718889236,0.6666666666666666
8,16,0.0,0.0,0.0,0.0,0.0,-1.0,0.0,-0.500001,0.6666666666666666
8,16,0.0,0.0,-1.0,0.0,0.0,0.0,0.0,-0.500001,0.6666666666666666
9,1,0.0,0.0,1,0.0,0.0,0.0,0.0,0.2763157933950424,0.9007470651013874
9,1,0.0,1.0,0.0,0.0,0.0,0.0,0.0,0.5,0.9007470651013874
9,1,0.0,0.0,1,0.0,0.0,0.0,0.0,0.14473684132099152,0.9007470651013874
9,1,0.0,0.0,0.0,0.0,0.0,1.0,0.0,0.5,0.9007470651013874
9,2,0.0,0.0,1,0.0,0.0,0.0,0.0,0.2763157933950424,0.9542097488921714
9,2,0.0,1.0,0.0,0.0,0.0,0.0,0.0,0.5,0.9542097488921714
9,2,0.0,0.0,1,0.0,0.0,0.0,0.0,0.14473684132099152,0.9542097488921714
9,2,0.0,0.0,0.0,0.0,0.0,-1.0,0.0,-0.500001,0.9542097488921714
9,3,0.0,0.0,1,0.0,0.0,0.0,0.0,0.2763157933950424,0.7932960893854749
9,3,0.0,1.0,0.0,0.0,0.0,0.0,0.0,0.5,0.7932960893854749
9,3,0.0,0.0,-1,0.0,0.0,0.0,0.0,-0.14473784132099152,0.7932960893854749
9,3,0.0,0.0,0.0,1.0,0.0,0.0,0.0,0.2737500071525574,0.7932960893854749
9,4,0.0,0.0,1,0.0,0.0,0.0,0.0,0.2763157933950424,0.0
9,4,0.0,1.0,0.0,0.0,0.0,0.0,0.0,0.5,0.0
9,4,0.0,0.0,-1,0.0,0.0,0.0,0.0,-0.14473784132099152,0.0
9,4,0.0,0.0,0.0,-1.0,0.0,0.0,0.0,-0.27375100715255735,0.0
9,5,0.0,0.0,1,0.0,0.0,0.0,0.0,0.2763157933950424,0.7440119760479041
9,5,0.0,-1.0,0.0,0.0,0.0,0.0,0.0,-0.500001,0.7440119760479041
9,5,0.0,0.0,1,0.0,0.0,0.0,0.0,0.1184210553765297,0.7440119760479041
9,5,0.0,0.0,0.0,0.0,0.0,1.0,0.0,0.5,0.7440119760479041
9,6,0.0,0.0,1,0.0,0.0,0.0,0.0,0.2763157933950424,0.8726114649681529
9,6,0.0,-1.0,0.0,0.0,0.0,0.0,0.0,-0.500001,0.8726114649681529
9,6,0.0,0.0,1,0.0,0.0,0.0,0.0,0.1184210553765297,0.8726114649681529
9,6,0.0,0.0,0.0,0.0,0.0,-1.0,0.0,-0.500001,0.8726114649681529
9,7,0.0,0.0,1,0.0,0.0,0.0,0.0,0.2763157933950424,0.6774193548387096
9,7,0.0,-1.0,0.0,0.0,0.0,0.0,0.0,-0.500001,0.6774193548387096
9,7,0.0,0.0,-1,0.0,0.0,0.0,0.0,-0.1184220553765297,0.6774193548387096
9,7,0.0,0.0,0.0,1.0,0.0,0.0,0.0,0.09937500208616257,0.6774193548387096
9,8,0.0,0.0,1,0.0,0.0,0.0,0.0,0.2763157933950424,0.3958333333333333
9,8,0.0,-1.0,0.0,0.0,0.0,0.0,0.0,-0.500001,0.3958333333333333
9,8,0.0,0.0,-1,0.0,0.0,0.0,0.0,-0.1184220553765297,0.3958333333333333
9,8,0.0,0.0,0.0,-1.0,0.0,0.0,0.0,-0.09937600208616257,0.3958333333333333
9,9,0.0,0.0,-1,0.0,0.0,0.0,0.0,-0.2763167933950424,0.0
9,9,0.0,0.0,0.0,0.0,0.0,1.0,0.0,0.5,0.0
9,9,0.0,0.0,0.0,1.0,0.0,0.0,0.0,0.0006249999860301614,0.0
9,10,0.0,0.0,-1,0.0,0.0,0.0,0.0,-0.2763167933950424,0.3441295546558704
9,10,0.0,0.0,0.0,0.0,0.0,1.0,0.0,0.5,0.3441295546558704
9,10,0.0,0.0,0.0,-1.0,0.0,0.0,0.0,-0.0006259999860301614,0.3441295546558704
9,10,0.0,0.0,0.0,1.0,0.0,0.0,0.0,0.05562499910593033,0.3441295546558704
9,11,0.0,0.0,-1,0.0,0.0,0.0,0.0,-0.2763167933950424,0.5
9,11,0.0,0.0,0.0,0.0,0.0,1.0,0.0,0.5,0.5
9,11,0.0,0.0,0.0,-1.0,0.0,0.0,0.0,-0.0006259999860301614,0.5
9,11,0.0,0.0,0.0,-1.0,0.0,0.0,0.0,-0.05562599910593033,0.5
9,12,0.0,0.0,-1,0.0,0.0,0.0,0.0,-0.2763167933950424,0.4117647058823529
9,12,0.0,0.0,0.0,0.0,0.0,-1.0,0.0,-0.500001,0.4117647058823529
9,12,1.0,0.0,0.0,0.0,0.0,0.0,0.0,0.18589743971824646,0.4117647058823529
9,12,0.0,0.0,0.0,1.0,0.0,0.0,0.0,0.022500000661239028,0.4117647058823529
9,13,0.0,0.0,-1,0.0,0.0,0.0,0.0,-0.2763167933950424,0.0
9,13,0.0,0.0,0.0,0.0,0.0,-1.0,0.0,-0.500001,0.0
9,13,1.0,0.0,0.0,0.0,0.0,0.0,0.0,0.18589743971824646,0.0
9,13,0.0,0.0,0.0,-1.0,0.0,0.0,0.0,-0.02250100066123903,0.0
9,14,0.0,0.0,-1,0.0,0.0,0.0,0.0,-0.2763167933950424,0.9333333333333333
9,14,0.0,0.0,0.0,0.0,0.0,-1.0,0.0,-0.500001,0.9333333333333333
9,14,-1.0,0.0,0.0,0.0,0.0,0.0,0.0,-0.18589843971824646,0.9333333333333333
9,14,0.0,1.0,0.0,0.0,0.0,0.0,0.0,0.5,0.9333333333333333
9,15,0.0,0.0,-1,0.0,0.0,0.0,0.0,-0.2763167933950424,0.6666666666666666
9,15,0.0,0.0,0.0,0.0,0.0,-1.0,0.0,-0.500001,0.6666666666666666
9,15,-1.0,0.0,0.0,0.0,0.0,0.0,0.0,-0.18589843971824646,0.6666666666666666
9,15,0.0,-1.0,0.0,0.0,0.0,0.0,0.0,-0.500001,0.6666666666666666
10,1,0.0,0.0,1,0.0,0.0,0.0,0.0,0.22368421405553818,0.9117043121149897
10,1,0.0,0.0,0.0,0.0,0.0,1.0,0.0,0.5,0.9117043121149897
10,1,0.0,0.0,0.0,1.0,0.0,0.0,0.0,0.041875001043081284,0.9117043121149897
10,1,0.0,1.0,0.0,0.0,0.0,0.0,0.0,0.5,0.9117043121149897
10,2,0.0,0.0,1,0.0,0.0,0.0,0.0,0.22368421405553818,0.7329268292682927
10,2,0.0,0.0,0.0,0.0,0.0,1.0,0.0,0.5,0.7329268292682927
10,2,0.0,0.0,0.0,1.0,0.0,0.0,0.0,0.041875001043081284,0.7329268292682927
10,2,0.0,-1.0,0.0,0.0,0.0,0.0,0.0,-0.500001,0.7329268292682927
10,3,0.0,0.0,1,0.0,0.0,0.0,0.0,0.22368421405553818,0.391304347826087
10,3,0.0,0.0,0.0,0.0,0.0,1.0,0.0,0.5,0.391304347826087
10,3,0.0,0.0,0.0,-1.0,0.0,0.0,0.0,-0.041876001043081285,0.391304347826087
10,3,1.0,0.0,0.0,0.0,0.0,0.0,0.0,0.14743590354919434,0.391304347826087
10,4,0.0,0.0,1,0.0,0.0,0.0,0.0,0.22368421405553818,0.7526881720430108
10,4,0.0,0.0,0.0,0.0,0.0,1.0,0.0,0.5,0.7526881720430108
10,4,0.0,0.0,0.0,-1.0,0.0,0.0,0.0,-0.041876001043081285,0.7526881720430108
10,4,-1.0,0.0,0.0,0.0,0.0,0.0,0.0,-0.14743690354919434,0.7526881720430108
10,5,0.0,0.0,1,0.0,0.0,0.0,0.0,0.22368421405553818,0.831041257367387
10,5,0.0,0.0,0.0,0.0,0.0,-1.0,0.0,-0.500001,0.831041257367387
10,5,0.0,0.0,0.0,1.0,0.0,0.0,0.0,0.03687500022351742,0.831041257367387
10,5,1.0,0.0,0.0,0.0,0.0,0.0,0.0,0.10897435992956161,0.831041257367387
10,6,0.0,0.0,1,0.0,0.0,0.0,0.0,0.22368421405553818,0.9746376811594203
10,6,0.0,0.0,0.0,0.0,0.0,-1.0,0.0,-0.500001,0.9746376811594203
10,6,0.0,0.0,0.0,1.0,0.0,0.0,0.0,0.03687500022351742,0.9746376811594203
10,6,-1.0,0.0,0.0,0.0,0.0,0.0,0.0,-0.10897535992956162,0.9746376811594203
10,7,0.0,0.0,1,0.0,0.0,0.0,0.0,0.22368421405553818,0.8
10,7,0.0,0.0,0.0,0.0,0.0,-1.0,0.0,-0.500001,0.8
10,7,0.0,0.0,0.0,-1.0,0.0,0.0,0.0,-0.03687600022351742,0.8
10,7,0.0,0.0,1,0.0,0.0,0.0,0.0,0.14473684132099152,0.8
10,8,0.0,0.0,1,0.0,0.0,0.0,0.0,0.22368421405553818,0.5789473684210527
10,8,0.0,0.0,0.0,0.0,0.0,-1.0,0.0,-0.500001,0.5789473684210527
10,8,0.0,0.0,0.0,-1.0,0.0,0.0,0.0,-0.03687600022351742,0.5789473684210527
10,8,0.0,0.0,-1,0.0,0.0,0.0,0.0,-0.14473784132099152,0.5789473684210527
10,9,0.0,0.0,-1,0.0,0.0,0.0,0.0,-0.22368521405553818,0.5067567567567568
10,9,0.0,0.0,1,0.0,0.0,0.0,0.0,0.4078947454690933,0.5067567567567568
10,9,1.0,0.0,0.0,0.0,0.0,0.0,0.0,0.19871795177459717,0.5067567567567568
10,9,0.0,0.0,0.0,1.0,0.0,0.0,0.0,0.031250000931322575,0.5067567567567568
10,10,0.0,0.0,-1,0.0,0.0,0.0,0.0,-0.22368521405553818,0.13636363636363635
10,10,0.0,0.0,1,0.0,0.0,0.0,0.0,0.4078947454690933,0.13636363636363635
10,10,1.0,0.0,0.0,0.0,0.0,0.0,0.0,0.19871795177459717,0.13636363636363635
10,10,0.0,0.0,0.0,-1.0,0.0,0.0,0.0,-0.031251000931322576,0.13636363636363635
10,11,0.0,0.0,-1,0.0,0.0,0.0,0.0,-0.22368521405553818,0.7931034482758621
10,11,0.0,0.0,1,0.0,0.0,0.0,0.0,0.4078947454690933,0.7931034482758621
10,11,-1.0,0.0,0.0,0.0,0.0,0.0,0.0,-0.19871895177459717,0.7931034482758621
10,11,0.0,1.0,0.0,0.0,0.0,0.0,0.0,0.5,0.7931034482758621
10,12,0.0,0.0,-1,0.0,0.0,0.0,0.0,-0.22368521405553818,0.6590909090909091
10,12,0.0,0.0,1,0.0,0.0,0.0,0.0,0.4078947454690933,0.6590909090909091
10,12,-1.0,0.0,0.0,0.0,0.0,0.0,0.0,-0.19871895177459717,0.6590909090909091
10,12,0.0,-1.0,0.0,0.0,0.0,0.0,0.0,-0.500001,0.6590909090909091
10,13,0.0,0.0,-1,0.0,0.0,0.0,0.0,-0.22368521405553818,0.5172413793103449
10,13,0.0,0.0,-1,0.0,0.0,0.0,0.0,-0.4078957454690933,0.5172413793103449
10,13,0.0,0.0,0.0,0.0,0.0,1.0,0.0,0.5,0.5172413793103449
10,13,0.0,1.0,0.0,0.0,0.0,0.0,0.0,0.5,0.5172413793103449
10,14,0.0,0.0,-1,0.0,0.0,0.0,0.0,-0.22368521405553818,0.11458333333333333
10,14,0.0,0.0,-1,0.0,0.0,0.0,0.0,-0.4078957454690933,0.11458333333333333
10,14,0.0,0.0,0.0,0.0,0.0,1.0,0.0,0.5,0.11458333333333333
10,14,0.0,-1.0,0.0,0.0,0.0,0.0,0.0,-0.500001,0.11458333333333333
10,15,0.0,0.0,-1,0.0,0.0,0.0,0.0,-0.22368521405553818,0.6
10,15,0.0,0.0,-1,0.0,0.0,0.0,0.0,-0.4078957454690933,0.6
10,15,0.0,0.0,0.0,0.0,0.0,-1.0,0.0,-0.500001,0.6
10,15,0.0,0.0,0.0,1.0,0.0,0.0,0.0,0.2762500047683716,0.6
10,16,0.0,0.0,-1,0.0,0.0,0.0,0.0,-0.22368521405553818,0.0
10,16,0.0,0.0,-1,0.0,0.0,0.0,0.0,-0.4078957454690933,0.0
10,16,0.0,0.0,0.0,0.0,0.0,-1.0,0.0,-0.500001,0.0
10,16,0.0,0.0,0.0,-1.0,0.0,0.0,0.0,-0.27625100476837156,0.0
11,1,0.0,0.0,0.0,0.0,1,0.0,0.0,0.5,0.8207547169811321
11,1,0.0,1.0,0.0,0.0,0.0,0.0,0.0,0.5,0.8207547169811321
11,1,1.0,0.0,0.0,0.0,0.0,0.0,0.0,0.14743590354919434,0.8207547169811321
11,1,0.0,0.0,0.0,0.0,0.0,0.0,1.0,0.5,0.8207547169811321
11,2,0.0,0.0,0.0,0.0,1,0.0,0.0,0.5,0.7858672376873662
11,2,0.0,1.0,0.0,0.0,0.0,0.0,0.0,0.5,0.7858672376873662
11,2,1.0,0.0,0.0,0.0,0.0,0.0,0.0,0.14743590354919434,0.7858672376873662
11,2,0.0,0.0,0.0,0.0,0.0,0.0,-1.0,-0.500001,0.7858672376873662
11,3,0.0,0.0,0.0,0.0,1,0.0,0.0,0.5,0.8996138996138996
11,3,0.0,1.0,0.0,0.0,0.0,0.0,0.0,0.5,0.8996138996138996
11,3,-1.0,0.0,0.0,0.0,0.0,0.0,0.0,-0.14743690354919434,0.8996138996138996
11,3,1.0,0.0,0.0,0.0,0.0,0.0,0.0,0.22435897588729858,0.8996138996138996
11,4,0.0,0.0,0.0,0.0,1,0.0,0.0,0.5,0.9467455621301775
11,4,0.0,1.0,0.0,0.0,0.0,0.0,0.0,0.5,0.9467455621301775
11,4,-1.0,0.0,0.0,0.0,0.0,0.0,0.0,-0.14743690354919434,0.9467455621301775
11,4,-1.0,0.0,0.0,0.0,0.0,0.0,0.0,-0.22435997588729858,0.9467455621301775
11,5,0.0,0.0,0.0,0.0,1,0.0,0.0,0.5,0.7665024630541872
11,5,0.0,-1.0,0.0,0.0,0.0,0.0,0.0,-0.500001,0.7665024630541872
11,5,0.0,0.0,0.0,1.0,0.0,0.0,0.0,0.03687500022351742,0.7665024630541872
11,5,0.0,0.0,1.0,0.0,0.0,0.0,0.0,0.2763157933950424,0.7665024630541872
11,6,0.0,0.0,0.0,0.0,1,0.0,0.0,0.5,0.3141025641025641
11,6,0.0,-1.0,0.0,0.0,0.0,0.0,0.0,-0.500001,0.3141025641025641
11,6,0.0,0.0,0.0,1.0,0.0,0.0,0.0,0.03687500022351742,0.3141025641025641
11,6,0.0,0.0,-1.0,0.0,0.0,0.0,0.0,-0.2763167933950424,0.3141025641025641
11,7,0.0,0.0,0.0,0.0,1,0.0,0.0,0.5,0.45348837209302323
11,7,0.0,-1.0,0.0,0.0,0.0,0.0,0.0,-0.500001,0.45348837209302323
11,7,0.0,0.0,0.0,-1.0,0.0,0.0,0.0,-0.03687600022351742,0.45348837209302323
11,7,0.0,0.0,0.0,0.0,0.0,1.0,0.0,0.5,0.45348837209302323
11,8,0.0,0.0,0.0,0.0,1,0.0,0.0,0.5,0.5106382978723404
11,8,0.0,-1.0,0.0,0.0,0.0,0.0,0.0,-0.500001,0.5106382978723404
11,8,0.0,0.0,0.0,-1.0,0.0,0.0,0.0,-0.03687600022351742,0.5106382978723404
11,8,0.0,0.0,0.0,0.0,0.0,-1.0,0.0,-0.500001,0.5106382978723404
11,9,0.0,0.0,0.0,0.0,-1,0.0,0.0,-0.500001,0.7773512476007678
11,9,0.0,0.0,0.0,0.0,0.0,1.0,0.0,0.5,0.7773512476007678
11,9,0.0,0.0,0.0,1.0,0.0,0.0,0.0,0.04062500037252903,0.7773512476007678
11,9,1.0,0.0,0.0,0.0,0.0,0.0,0.0,0.2500000074505806,0.7773512476007678
11,10,0.0,0.0,0.0,0.0,-1,0.0,0.0,-0.500001,0.9006622516556292
11,10,0.0,0.0,0.0,0.0,0.0,1.0,0.0,0.5,0.9006622516556292
11,10,0.0,0.0,0.0,1.0,0.0,0.0,0.0,0.04062500037252903,0.9006622516556292
11,10,-1.0,0.0,0.0,0.0,0.0,0.0,0.0,-0.25000100745058057,0.9006622516556292
11,11,0.0,0.0,0.0,0.0,-1,0.0,0.0,-0.500001,0.32142857142857145
11,11,0.0,0.0,0.0,0.0,0.0,1.0,0.0,0.5,0.32142857142857145
11,11,0.0,0.0,0.0,-1.0,0.0,0.0,0.0,-0.04062600037252903,0.32142857142857145
11,11,0.0,0.0,1.0,0.0,0.0,0.0,0.0,0.06578947231173515,0.32142857142857145
11,12,0.0,0.0,0.0,0.0,-1,0.0,0.0,-0.500001,0.575
11,12,0.0,0.0,0.0,0.0,0.0,1.0,0.0,0.5,0.575
11,12,0.0,0.0,0.0,-1.0,0.0,0.0,0.0,-0.04062600037252903,0.575
11,12,0.0,0.0,-1.0,0.0,0.0,0.0,0.0,-0.06579047231173515,0.575
11,13,0.0,0.0,0.0,0.0,-1,0.0,0.0,-0.500001,0.9125
11,13,0.0,0.0,0.0,0.0,0.0,-1.0,0.0,-0.500001,0.9125
11,13,1.0,0.0,0.0,0.0,0.0,0.0,0.0,0.16025641560554504,0.9125
11,13,0.0,0.0,0.0,1.0,0.0,0.0,0.0,0.003124999930150807,0.9125
11,14,0.0,0.0,0.0,0.0,-1,0.0,0.0,-0.500001,0.7333333333333333
11,14,0.0,0.0,0.0,0.0,0.0,-1.0,0.0,-0.500001,0.7333333333333333
11,14,1.0,0.0,0.0,0.0,0.0,0.0,0.0,0.16025641560554504,0.7333333333333333
11,14,0.0,0.0,0.0,-1.0,0.0,0.0,0.0,-0.003125999930150807,0.7333333333333333
11,15,0.0,0.0,0.0,0.0,-1,0.0,0.0,-0.500001,0.9782608695652174
11,15,0.0,0.0,0.0,0.0,0.0,-1.0,0.0,-0.500001,0.9782608695652174
11,15,-1.0,0.0,0.0,0.0,0.0,0.0,0.0,-0.16025741560554504,0.9782608695652174
11,15,0.0,0.0,0.0,0.0,0.0,0.0,1.0,0.5,0.9782608695652174
11,16,0.0,0.0,0.0,0.0,-1,0.0,0.0,-0.500001,0.9976689976689976
11,16,0.0,0.0,0.0,0.0,0.0,-1.0,0.0,-0.500001,0.9976689976689976
11,16,-1.0,0.0,0.0,0.0,0.0,0.0,0.0,-0.16025741560554504,0.9976689976689976
11,16,0.0,0.0,0.0,0.0,0.0,0.0,-1.0,-0.500001,0.9976689976689976
12,1,0.0,0.0,1,0.0,0.0,0.0,0.0,0.17105262726545334,0.8757281553398059
12,1,0.0,0.0,0.0,1.0,0.0,0.0,0.0,0.00812499993480742,0.8757281553398059
12,1,1.0,0.0,0.0,0.0,0.0,0.0,0.0,0.10897435992956161,0.8757281553398059
12,1,0.0,1.0,0.0,0.0,0.0,0.0,0.0,0.5,0.8757281553398059
12,2,0.0,0.0,1,0.0,0.0,0.0,0.0,0.17105262726545334,0.7047413793103449
12,2,0.0,0.0,0.0,1.0,0.0,0.0,0.0,0.00812499993480742,0.7047413793103449
12,2,1.0,0.0,0.0,0.0,0.0,0.0,0.0,0.10897435992956161,0.7047413793103449
12,2,0.0,-1.0,0.0,0.0,0.0,0.0,0.0,-0.500001,0.7047413793103449
12,3,0.0,0.0,1,0.0,0.0,0.0,0.0,0.17105262726545334,0.9646860986547086
12,3,0.0,0.0,0.0,1.0,0.0,0.0,0.0,0.00812499993480742,0.9646860986547086
12,3,-1.0,0.0,0.0,0.0,0.0,0.0,0.0,-0.10897535992956162,0.9646860986547086
12,3,0.0,0.0,1,0.0,0.0,0.0,0.0,0.1184210553765297,0.9646860986547086
12,4,0.0,0.0,1,0.0,0.0,0.0,0.0,0.17105262726545334,0.8877551020408163
12,4,0.0,0.0,0.0,1.0,0.0,0.0,0.0,0.00812499993480742,0.8877551020408163
12,4,-1.0,0.0,0.0,0.0,0.0,0.0,0.0,-0.10897535992956162,0.8877551020408163
12,4,0.0,0.0,-1,0.0,0.0,0.0,0.0,-0.1184220553765297,0.8877551020408163
12,5,0.0,0.0,1,0.0,0.0,0.0,0.0,0.17105262726545334,0.8695652173913043
12,5,0.0,0.0,0.0,-1.0,0.0,0.0,0.0,-0.008125999934807419,0.8695652173913043
12,5,0.0,1.0,0.0,0.0,0.0,0.0,0.0,0.5,0.8695652173913043
12,5,0.0,0.0,0.0,1.0,0.0,0.0,0.0,0.3581250011920929,0.8695652173913043
12,6,0.0,0.0,1,0.0,0.0,0.0,0.0,0.17105262726545334,0.3333333333333333
12,6,0.0,0.0,0.0,-1.0,0.0,0.0,0.0,-0.008125999934807419,0.3333333333333333
12,6,0.0,1.0,0.0,0.0,0.0,0.0,0.0,0.5,0.3333333333333333
12,6,0.0,0.0,0.0,-1.0,0.0,0.0,0.0,-0.35812600119209287,0.3333333333333333
12,7,0.0,0.0,1,0.0,0.0,0.0,0.0,0.17105262726545334,0.45495495495495497
12,7,0.0,0.0,0.0,-1.0,0.0,0.0,0.0,-0.008125999934807419,0.45495495495495497
12,7,0.0,-1.0,0.0,0.0,0.0,0.0,0.0,-0.500001,0.45495495495495497
12,7,1.0,0.0,0.0,0.0,0.0,0.0,0.0,0.10897435992956161,0.45495495495495497
12,8,0.0,0.0,1,0.0,0.0,0.0,0.0,0.17105262726545334,0.7768924302788844
12,8,0.0,0.0,0.0,-1.0,0.0,0.0,0.0,-0.008125999934807419,0.7768924302788844
12,8,0.0,-1.0,0.0,0.0,0.0,0.0,0.0,-0.500001,0.7768924302788844
12,8,-1.0,0.0,0.0,0.0,0.0,0.0,0.0,-0.10897535992956162,0.7768924302788844
12,9,0.0,0.0,-1,0.0,0.0,0.0,0.0,-0.17105362726545334,0.16666666666666666
12,9,1.0,0.0,0.0,0.0,0.0,0.0,0.0,0.19871795177459717,0.16666666666666666
12,9,1.0,0.0,0.0,0.0,0.0,0.0,0.0,0.09615384787321091,0.16666666666666666
12,9,0.0,0.0,0.0,0.0,1.0,0.0,0.0,0.5,0.16666666666666666
12,10,0.0,0.0,-1,0.0,0.0,0.0,0.0,-0.17105362726545334,0.07142857142857142
12,10,1.0,0.0,0.0,0.0,0.0,0.0,0.0,0.19871795177459717,0.07142857142857142
12,10,1.0,0.0,0.0,0.0,0.0,0.0,0.0,0.09615384787321091,0.07142857142857142
12,10,0.0,0.0,0.0,0.0,-1.0,0.0,0.0,-0.500001,0.07142857142857142
12,11,0.0,0.0,-1,0.0,0.0,0.0,0.0,-0.17105362726545334,0.0
12,11,1.0,0.0,0.0,0.0,0.0,0.0,0.0,0.19871795177459717,0.0
12,11,-1.0,0.0,0.0,0.0,0.0,0.0,0.0,-0.09615484787321091,0.0
12,11,0.0,0.0,0.0,1.0,0.0,0.0,0.0,0.0006249999860301614,0.0
12,12,0.0,0.0,-1,0.0,0.0,0.0,0.0,-0.17105362726545334,0.4186851211072664
12,12,1.0,0.0,0.0,0.0,0.0,0.0,0.0,0.19871795177459717,0.4186851211072664
12,12,-1.0,0.0,0.0,0.0,0.0,0.0,0.0,-0.09615484787321091,0.4186851211072664
12,12,0.0,0.0,0.0,-1.0,0.0,0.0,0.0,-0.0006259999860301614,0.4186851211072664
12,13,0.0,0.0,-1,0.0,0.0,0.0,0.0,-0.17105362726545334,0.7756410256410257
12,13,-1.0,0.0,0.0,0.0,0.0,0.0,0.0,-0.19871895177459717,0.7756410256410257
12,13,1.0,0.0,0.0,0.0,0.0,0.0,0.0,0.5448718070983887,0.7756410256410257
12,13,0.0,1.0,0.0,0.0,0.0,0.0,0.0,0.5,0.7756410256410257
12,14,0.0,0.0,-1,0.0,0.0,0.0,0.0,-0.17105362726545334,0.562753036437247
12,14,-1.0,0.0,0.0,0.0,0.0,0.0,0.0,-0.19871895177459717,0.562753036437247
12,14,1.0,0.0,0.0,0.0,0.0,0.0,0.0,0.5448718070983887,0.562753036437247
12,14,0.0,-1.0,0.0,0.0,0.0,0.0,0.0,-0.500001,0.562753036437247
12,15,0.0,0.0,-1,0.0,0.0,0.0,0.0,-0.17105362726545334,1.0
12,15,-1.0,0.0,0.0,0.0,0.0,0.0,0.0,-0.19871895177459717,1.0
12,15,-1.0,0.0,0.0,0.0,0.0,0.0,0.0,-0.5448728070983887,1.0
13,1,0.0,1,0.0,0.0,0.0,0.0,0.0,0.5,0.9023605150214592
13,1,0.0,0.0,0.0,1.0,0.0,0.0,0.0,0.041875001043081284,0.9023605150214592
13,1,0.0,0.0,0.0,0.0,0.0,1.0,0.0,0.5,0.9023605150214592
13,1,0.0,0.0,1.0,0.0,0.0,0.0,0.0,0.22368421405553818,0.9023605150214592
13,2,0.0,1,0.0,0.0,0.0,0.0,0.0,0.5,0.6176470588235294
13,2,0.0,0.0,0.0,1.0,0.0,0.0,0.0,0.041875001043081284,0.6176470588235294
13,2,0.0,0.0,0.0,0.0,0.0,1.0,0.0,0.5,0.6176470588235294
13,2,0.0,0.0,-1.0,0.0,0.0,0.0,0.0,-0.22368521405553818,0.6176470588235294
13,3,0.0,1,0.0,0.0,0.0,0.0,0.0,0.5,0.8560311284046692
13,3,0.0,0.0,0.0,1.0,0.0,0.0,0.0,0.041875001043081284,0.8560311284046692
13,3,0.0,0.0,0.0,0.0,0.0,-1.0,0.0,-0.500001,0.8560311284046692
13,3,1.0,0.0,0.0,0.0,0.0,0.0,0.0,0.09615384787321091,0.8560311284046692
13,4,0.0,1,0.0,0.0,0.0,0.0,0.0,0.5,0.9798165137614679
13,4,0.0,0.0,0.0,1.0,0.0,0.0,0.0,0.041875001043081284,0.9798165137614679
13,4,0.0,0.0,0.0,0.0,0.0,-1.0,0.0,-0.500001,0.9798165137614679
13,4,-1.0,0.0,0.0,0.0,0.0,0.0,0.0,-0.09615484787321091,0.9798165137614679
13,5,0.0,1,0.0,0.0,0.0,0.0,0.0,0.5,0.6142857142857143
13,5,0.0,0.0,0.0,-1.0,0.0,0.0,0.0,-0.041876001043081285,0.6142857142857143
13,5,0.0,0.0,1.0,0.0,0.0,0.0,0.0,0.09210526198148727,0.6142857142857143
13,5,0.0,0.0,0.0,0.0,0.0,1.0,0.0,0.5,0.6142857142857143
13,6,0.0,1,0.0,0.0,0.0,0.0,0.0,0.5,0.8928571428571429
13,6,0.0,0.0,0.0,-1.0,0.0,0.0,0.0,-0.041876001043081285,0.8928571428571429
13,6,0.0,0.0,1.0,0.0,0.0,0.0,0.0,0.09210526198148727,0.8928571428571429
13,6,0.0,0.0,0.0,0.0,0.0,-1.0,0.0,-0.500001,0.8928571428571429
13,7,0.0,1,0.0,0.0,0.0,0.0,0.0,0.5,0.54
13,7,0.0,0.0,0.0,-1.0,0.0,0.0,0.0,-0.041876001043081285,0.54
13,7,0.0,0.0,-1.0,0.0,0.0,0.0,0.0,-0.09210626198148728,0.54
13,7,0.0,0.0,0.0,0.0,0.0,1.0,0.0,0.5,0.54
13,8,0.0,1,0.0,0.0,0.0,0.0,0.0,0.5,0.4
13,8,0.0,0.0,0.0,-1.0,0.0,0.0,0.0,-0.041876001043081285,0.4
13,8,0.0,0.0,-1.0,0.0,0.0,0.0,0.0,-0.09210626198148728,0.4
13,8,0.0,0.0,0.0,0.0,0.0,-1.0,0.0,-0.500001,0.4
13,9,0.0,-1,0.0,0.0,0.0,0.0,0.0,-0.500001,0.6350931677018633
13,9,0.0,0.0,0.0,1.0,0.0,0.0,0.0,0.021875000558793545,0.6350931677018633
13,9,0.0,0.0,0.0,0.0,1.0,0.0,0.0,0.5,0.6350931677018633
13,9,0.0,0.0,0.0,0.0,0.0,1.0,0.0,0.5,0.6350931677018633
13,10,0.0,-1,0.0,0.0,0.0,0.0,0.0,-0.500001,0.8009478672985783
13,10,0.0,0.0,0.0,1.0,0.0,0.0,0.0,0.021875000558793545,0.8009478672985783
13,10,0.0,0.0,0.0,0.0,1.0,0.0,0.0,0.5,0.8009478672985783
13,10,0.0,0.0,0.0,0.0,0.0,-1.0,0.0,-0.500001,0.8009478672985783
13,11,0.0,-1,0.0,0.0,0.0,0.0,0.0,-0.500001,0.8918205804749341
13,11,0.0,0.0,0.0,1.0,0.0,0.0,0.0,0.021875000558793545,0.8918205804749341
13,11,0.0,0.0,0.0,0.0,-1.0,0.0,0.0,-0.500001,0.8918205804749341
13,11,0.0,0.0,0.0,1.0,0.0,0.0,0.0,0.003124999930150807,0.8918205804749341
13,12,0.0,-1,0.0,0.0,0.0,0.0,0.0,-0.500001,0.7722222222222223
13,12,0.0,0.0,0.0,1.0,0.0,0.0,0.0,0.021875000558793545,0.7722222222222223
13,12,0.0,0.0,0.0,0.0,-1.0,0.0,0.0,-0.500001,0.7722222222222223
13,12,0.0,0.0,0.0,-1.0,0.0,0.0,0.0,-0.003125999930150807,0.7722222222222223
13,13,0.0,-1,0.0,0.0,0.0,0.0,0.0,-0.500001,0.34285714285714286
13,13,0.0,0.0,0.0,-1.0,0.0,0.0,0.0,-0.021876000558793546,0.34285714285714286
13,13,0.0,0.0,0.0,0.0,0.0,0.0,1.0,0.5,0.34285714285714286
13,13,0.0,0.0,0.0,1.0,0.0,0.0,0.0,0.051249999552965164,0.34285714285714286
13,14,0.0,-1,0.0,0.0,0.0,0.0,0.0,-0.500001,0.75
13,14,0.0,0.0,0.0,-1.0,0.0,0.0,0.0,-0.021876000558793546,0.75
13,14,0.0,0.0,0.0,0.0,0.0,0.0,1.0,0.5,0.75
13,14,0.0,0.0,0.0,-1.0,0.0,0.0,0.0,-0.051250999552965165,0.75
13,15,0.0,-1,0.0,0.0,0.0,0.0,0.0,-0.500001,0.4827586206896552
13,15,0.0,0.0,0.0,-1.0,0.0,0.0,0.0,-0.021876000558793546,0.4827586206896552
13,15,0.0,0.0,0.0,0.0,0.0,0.0,-1.0,-0.500001,0.4827586206896552
13,15,0.0,0.0,0.0,0.0,0.0,1.0,0.0,0.5,0.4827586206896552
13,16,0.0,-1,0.0,0.0,0.0,0.0,0.0,-0.500001,0.6196319018404908
13,16,0.0,0.0,0.0,-1.0,0.0,0.0,0.0,-0.021876000558793546,0.6196319018404908
13,16,0.0,0.0,0.0,0.0,0.0,0.0,-1.0,-0.500001,0.6196319018404908
13,16,0.0,0.0,0.0,0.0,0.0,-1.0,0.0,-0.500001,0.6196319018404908
14,1,0.0,0.0,1,0.0,0.0,0.0,0.0,0.17105262726545334,0.6666666666666666
14,1,1.0,0.0,0.0,0.0,0.0,0.0,0.0,0.07051282376050949,0.6666666666666666
14,1,0.0,0.0,0.0,0.0,0.0,0.0,1.0,0.5,0.6666666666666666
14,1,0.0,0.0,0.0,0.0,1.0,0.0,0.0,0.5,0.6666666666666666
14,2,0.0,0.0,1,0.0,0.0,0.0,0.0,0.17105262726545334,0.8823529411764706
14,2,1.0,0.0,0.0,0.0,0.0,0.0,0.0,0.07051282376050949,0.8823529411764706
14,2,0.0,0.0,0.0,0.0,0.0,0.0,1.0,0.5,0.8823529411764706
14,2,0.0,0.0,0.0,0.0,-1.0,0.0,0.0,-0.500001,0.8823529411764706
14,3,0.0,0.0,1,0.0,0.0,0.0,0.0,0.17105262726545334,0.7531914893617021
14,3,1.0,0.0,0.0,0.0,0.0,0.0,0.0,0.07051282376050949,0.7531914893617021
14,3,0.0,0.0,0.0,0.0,0.0,0.0,-1.0,-0.500001,0.7531914893617021
14,3,0.0,1.0,0.0,0.0,0.0,0.0,0.0,0.5,0.7531914893617021
14,4,0.0,0.0,1,0.0,0.0,0.0,0.0,0.17105262726545334,0.6240601503759399
14,4,1.0,0.0,0.0,0.0,0.0,0.0,0.0,0.07051282376050949,0.6240601503759399
14,4,0.0,0.0,0.0,0.0,0.0,0.0,-1.0,-0.500001,0.6240601503759399
14,4,0.0,-1.0,0.0,0.0,0.0,0.0,0.0,-0.500001,0.6240601503759399
14,5,0.0,0.0,1,0.0,0.0,0.0,0.0,0.17105262726545334,0.9054325955734407
14,5,-1.0,0.0,0.0,0.0,0.0,0.0,0.0,-0.07051382376050949,0.9054325955734407
14,5,0.0,0.0,0.0,1.0,0.0,0.0,0.0,0.005624999990686774,0.9054325955734407
14,5,0.0,0.0,0.0,0.0,0.0,1.0,0.0,0.5,0.9054325955734407
14,6,0.0,0.0,1,0.0,0.0,0.0,0.0,0.17105262726545334,0.9724702380952381
14,6,-1.0,0.0,0.0,0.0,0.0,0.0,0.0,-0.07051382376050949,0.9724702380952381
14,6,0.0,0.0,0.0,1.0,0.0,0.0,0.0,0.005624999990686774,0.9724702380952381
14,6,0.0,0.0,0.0,0.0,0.0,-1.0,0.0,-0.500001,0.9724702380952381
14,7,0.0,0.0,1,0.0,0.0,0.0,0.0,0.17105262726545334,0.7785714285714286
14,7,-1.0,0.0,0.0,0.0,0.0,0.0,0.0,-0.07051382376050949,0.7785714285714286
14,7,0.0,0.0,0.0,-1.0,0.0,0.0,0.0,-0.005625999990686774,0.7785714285714286
14,7,1.0,0.0,0.0,0.0,0.0,0.0,0.0,0.31410257518291473,0.7785714285714286
14,8,0.0,0.0,1,0.0,0.0,0.0,0.0,0.17105262726545334,0.9626168224299065
14,8,-1.0,0.0,0.0,0.0,0.0,0.0,0.0,-0.07051382376050949,0.9626168224299065
14,8,0.0,0.0,0.0,-1.0,0.0,0.0,0.0,-0.005625999990686774,0.9626168224299065
14,8,-1.0,0.0,0.0,0.0,0.0,0.0,0.0,-0.3141035751829147,0.9626168224299065
14,9,0.0,0.0,-1,0.0,0.0,0.0,0.0,-0.17105362726545334,0.7592592592592593
14,9,0.0,0.0,1,0.0,0.0,0.0,0.0,0.2763157933950424,0.7592592592592593
14,9,0.0,0.0,1,0.0,0.0,0.0,0.0,0.2500000074505806,0.7592592592592593
14,9,0.0,1.0,0.0,0.0,0.0,0.0,0.0,0.5,0.7592592592592593
14,10,0.0,0.0,-1,0.0,0.0,0.0,0.0,-0.17105362726545334,0.56
14,10,0.0,0.0,1,0.0,0.0,0.0,0.0,0.2763157933950424,0.56
14,10,0.0,0.0,1,0.0,0.0,0.0,0.0,0.2500000074505806,0.56
14,10,0.0,-1.0,0.0,0.0,0.0,0.0,0.0,-0.500001,0.56
14,11,0.0,0.0,-1,0.0,0.0,0.0,0.0,-0.17105362726545334,0.6904761904761905
14,11,0.0,0.0,1,0.0,0.0,0.0,0.0,0.2763157933950424,0.6904761904761905
14,11,0.0,0.0,-1,0.0,0.0,0.0,0.0,-0.25000100745058057,0.6904761904761905
14,11,0.0,0.0,0.0,0.0,1.0,0.0,0.0,0.5,0.6904761904761905
14,12,0.0,0.0,-1,0.0,0.0,0.0,0.0,-0.17105362726545334,0.9411764705882353
14,12,0.0,0.0,1,0.0,0.0,0.0,0.0,0.2763157933950424,0.9411764705882353
14,12,0.0,0.0,-1,0.0,0.0,0.0,0.0,-0.25000100745058057,0.9411764705882353
14,12,0.0,0.0,0.0,0.0,-1.0,0.0,0.0,-0.500001,0.9411764705882353
14,13,0.0,0.0,-1,0.0,0.0,0.0,0.0,-0.17105362726545334,0.5176470588235295
14,13,0.0,0.0,-1,0.0,0.0,0.0,0.0,-0.2763167933950424,0.5176470588235295
14,13,0.0,1.0,0.0,0.0,0.0,0.0,0.0,0.5,0.5176470588235295
14,13,0.0,0.0,0.0,0.0,1.0,0.0,0.0,0.5,0.5176470588235295
14,14,0.0,0.0,-1,0.0,0.0,0.0,0.0,-0.17105362726545334,0.75
14,14,0.0,0.0,-1,0.0,0.0,0.0,0.0,-0.2763167933950424,0.75
14,14,0.0,1.0,0.0,0.0,0.0,0.0,0.0,0.5,0.75
14,14,0.0,0.0,0.0,0.0,-1.0,0.0,0.0,-0.500001,0.75
14,15,0.0,0.0,-1,0.0,0.0,0.0,0.0,-0.17105362726545334,0.25
14,15,0.0,0.0,-1,0.0,0.0,0.0,0.0,-0.2763167933950424,0.25
14,15,0.0,-1.0,0.0,0.0,0.0,0.0,0.0,-0.500001,0.25
14,15,1.0,0.0,0.0,0.0,0.0,0.0,0.0,0.4294871836900711,0.25
14,16,0.0,0.0,-1,0.0,0.0,0.0,0.0,-0.17105362726545334,0.7142857142857143
14,16,0.0,0.0,-1,0.0,0.0,0.0,0.0,-0.2763167933950424,0.7142857142857143
14,16,0.0,-1.0,0.0,0.0,0.0,0.0,0.0,-0.500001,0.7142857142857143
14,16,-1.0,0.0,0.0,0.0,0.0,0.0,0.0,-0.4294881836900711,0.7142857142857143
15,1,1,0.0,0.0,0.0,0.0,0.0,0.0,0.22435897588729858,0.8751493428912783
15,1,0.0,0.0,0.0,1.0,0.0,0.0,0.0,0.03687500022351742,0.8751493428912783
15,1,0.0,0.0,1.0,0.0,0.0,0.0,0.0,0.17105262726545334,0.8751493428912783
15,1,0.0,0.0,1.0,0.0,0.0,0.0,0.0,0.06578947231173515,0.8751493428912783
15,2,1,0.0,0.0,0.0,0.0,0.0,0.0,0.22435897588729858,0.766859344894027
15,2,0.0,0.0,0.0,1.0,0.0,0.0,0.0,0.03687500022351742,0.766859344894027
15,2,0.0,0.0,1.0,0.0,0.0,0.0,0.0,0.17105262726545334,0.766859344894027
15,2,0.0,0.0,-1.0,0.0,0.0,0.0,0.0,-0.06579047231173515,0.766859344894027
15,3,1,0.0,0.0,0.0,0.0,0.0,0.0,0.22435897588729858,0.4891304347826087
15,3,0.0,0.0,0.0,1.0,0.0,0.0,0.0,0.03687500022351742,0.4891304347826087
15,3,0.0,0.0,-1.0,0.0,0.0,0.0,0.0,-0.17105362726545334,0.4891304347826087
15,3,0.0,0.0,1.0,0.0,0.0,0.0,0.0,0.30263157188892365,0.4891304347826087
15,4,1,0.0,0.0,0.0,0.0,0.0,0.0,0.22435897588729858,0.23622047244094488
15,4,0.0,0.0,0.0,1.0,0.0,0.0,0.0,0.03687500022351742,0.23622047244094488
15,4,0.0,0.0,-1.0,0.0,0.0,0.0,0.0,-0.17105362726545334,0.23622047244094488
15,4,0.0,0.0,-1.0,0.0,0.0,0.0,0.0,-0.3026325718889236,0.23622047244094488
15,5,1,0.0,0.0,0.0,0.0,0.0,0.0,0.22435897588729858,0.625
15,5,0.0,0.0,0.0,-1.0,0.0,0.0,0.0,-0.03687600022351742,0.625
15,5,0.0,0.0,0.0,0.0,0.0,0.0,1.0,0.5,0.625
15,5,0.0,0.0,1.0,0.0,0.0,0.0,0.0,0.22368421405553818,0.625
15,6,1,0.0,0.0,0.0,0.0,0.0,0.0,0.22435897588729858,0.0
15,6,0.0,0.0,0.0,-1.0,0.0,0.0,0.0,-0.03687600022351742,0.0
15,6,0.0,0.0,0.0,0.0,0.0,0.0,1.0,0.5,0.0
15,6,0.0,0.0,-1.0,0.0,0.0,0.0,0.0,-0.22368521405553818,0.0
15,7,1,0.0,0.0,0.0,0.0,0.0,0.0,0.22435897588729858,0.5707964601769911
15,7,0.0,0.0,0.0,-1.0,0.0,0.0,0.0,-0.03687600022351742,0.5707964601769911
15,7,0.0,0.0,0.0,0.0,0.0,0.0,-1.0,-0.500001,0.5707964601769911
15,7,0.0,0.0,0.0,1.0,0.0,0.0,0.0,0.1368750035762787,0.5707964601769911
15,8,1,0.0,0.0,0.0,0.0,0.0,0.0,0.22435897588729858,0.3181818181818182
15,8,0.0,0.0,0.0,-1.0,0.0,0.0,0.0,-0.03687600022351742,0.3181818181818182
15,8,0.0,0.0,0.0,0.0,0.0,0.0,-1.0,-0.500001,0.3181818181818182
15,8,0.0,0.0,0.0,-1.0,0.0,0.0,0.0,-0.1368760035762787,0.3181818181818182
15,9,-1,0.0,0.0,0.0,0.0,0.0,0.0,-0.22435997588729858,0.9780821917808219
15,9,1,0.0,0.0,0.0,0.0,0.0,0.0,0.4423076957464218,0.9780821917808219
15,9,0.0,0.0,0.0,1.0,0.0,0.0,0.0,0.04124999977648258,0.9780821917808219
15,9,0.0,1.0,0.0,0.0,0.0,0.0,0.0,0.5,0.9780821917808219
15,10,-1,0.0,0.0,0.0,0.0,0.0,0.0,-0.22435997588729858,0.8588807785888077
15,10,1,0.0,0.0,0.0,0.0,0.0,0.0,0.4423076957464218,0.8588807785888077
15,10,0.0,0.0,0.0,1.0,0.0,0.0,0.0,0.04124999977648258,0.8588807785888077
15,10,0.0,-1.0,0.0,0.0,0.0,0.0,0.0,-0.500001,0.8588807785888077
15,11,-1,0.0,0.0,0.0,0.0,0.0,0.0,-0.22435997588729858,0.863013698630137
15,11,1,0.0,0.0,0.0,0.0,0.0,0.0,0.4423076957464218,0.863013698630137
15,11,0.0,0.0,0.0,-1.0,0.0,0.0,0.0,-0.04125099977648258,0.863013698630137
15,11,0.0,1.0,0.0,0.0,0.0,0.0,0.0,0.5,0.863013698630137
15,12,-1,0.0,0.0,0.0,0.0,0.0,0.0,-0.22435997588729858,0.5048543689320388
15,12,1,0.0,0.0,0.0,0.0,0.0,0.0,0.4423076957464218,0.5048543689320388
15,12,0.0,0.0,0.0,-1.0,0.0,0.0,0.0,-0.04125099977648258,0.5048543689320388
15,12,0.0,-1.0,0.0,0.0,0.0,0.0,0.0,-0.500001,0.5048543689320388
15,13,-1,0.0,0.0,0.0,0.0,0.0,0.0,-0.22435997588729858,0.9428571428571428
15,13,-1,0.0,0.0,0.0,0.0,0.0,0.0,-0.4423086957464218,0.9428571428571428
15,13,0.0,0.0,0.0,0.0,0.0,1.0,0.0,0.5,0.9428571428571428
15,13,0.0,0.0,0.0,1.0,0.0,0.0,0.0,0.00812499993480742,0.9428571428571428
15,14,-1,0.0,0.0,0.0,0.0,0.0,0.0,-0.22435997588729858,0.7708333333333334
15,14,-1,0.0,0.0,0.0,0.0,0.0,0.0,-0.4423086957464218,0.7708333333333334
15,14,0.0,0.0,0.0,0.0,0.0,1.0,0.0,0.5,0.7708333333333334
15,14,0.0,0.0,0.0,-1.0,0.0,0.0,0.0,-0.008125999934807419,0.7708333333333334
15,15,-1,0.0,0.0,0.0,0.0,0.0,0.0,-0.22435997588729858,0.9923076923076923
15,15,-1,0.0,0.0,0.0,0.0,0.0,0.0,-0.4423086957464218,0.9923076923076923
15,15,0.0,0.0,0.0,0.0,0.0,-1.0,0.0,-0.500001,0.9923076923076923
15,15,0.0,0.0,0.0,1.0,0.0,0.0,0.0,0.0018749999580904841,0.9923076923076923
15,16,-1,0.0,0.0,0.0,0.0,0.0,0.0,-0.22435997588729858,1.0
15,16,-1,0.0,0.0,0.0,0.0,0.0,0.0,-0.4423086957464218,1.0
15,16,0.0,0.0,0.0,0.0,0.0,-1.0,0.0,-0.500001,1.0
15,16,0.0,0.0,0.0,-1.0,0.0,0.0,0.0,-0.001875999958090484,1.0
16,1,0.0,1,0.0,0.0,0.0,0.0,0.0,0.5,0.9466019417475728
16,1,0.0,0.0,0.0,1.0,0.0,0.0,0.0,0.041875001043081284,0.9466019417475728
16,1,0.0,0.0,0.0,1.0,0.0,0.0,0.0,0.0018749999580904841,0.9466019417475728
16,1,0.0,0.0,1.0,0.0,0.0,0.0,0.0,0.19736842066049576,0.9466019417475728
16,2,0.0,1,0.0,0.0,0.0,0.0,0.0,0.5,0.4642857142857143
16,2,0.0,0.0,0.0,1.0,0.0,0.0,0.0,0.041875001043081284,0.4642857142857143
16,2,0.0,0.0,0.0,1.0,0.0,0.0,0.0,0.0018749999580904841,0.4642857142857143
16,2,0.0,0.0,-1.0,0.0,0.0,0.0,0.0,-0.19736942066049576,0.4642857142857143
16,3,0.0,1,0.0,0.0,0.0,0.0,0.0,0.5,0.9088669950738916
16,3,0.0,0.0,0.0,1.0,0.0,0.0,0.0,0.041875001043081284,0.9088669950738916
16,3,0.0,0.0,0.0,-1.0,0.0,0.0,0.0,-0.001875999958090484,0.9088669950738916
16,3,0.0,0.0,1.0,0.0,0.0,0.0,0.0,0.22368421405553818,0.9088669950738916
16,4,0.0,1,0.0,0.0,0.0,0.0,0.0,0.5,0.6235294117647059
16,4,0.0,0.0,0.0,1.0,0.0,0.0,0.0,0.041875001043081284,0.6235294117647059
16,4,0.0,0.0,0.0,-1.0,0.0,0.0,0.0,-0.001875999958090484,0.6235294117647059
16,4,0.0,0.0,-1.0,0.0,0.0,0.0,0.0,-0.22368521405553818,0.6235294117647059
16,5,0.0,1,0.0,0.0,0.0,0.0,0.0,0.5,0.3333333333333333
16,5,0.0,0.0,0.0,-1.0,0.0,0.0,0.0,-0.041876001043081285,0.3333333333333333
16,5,0.0,0.0,1.0,0.0,0.0,0.0,0.0,0.1184210553765297,0.3333333333333333
16,5,1.0,0.0,0.0,0.0,0.0,0.0,0.0,0.044871795922517776,0.3333333333333333
16,6,0.0,1,0.0,0.0,0.0,0.0,0.0,0.5,0.888
16,6,0.0,0.0,0.0,-1.0,0.0,0.0,0.0,-0.041876001043081285,0.888
16,6,0.0,0.0,1.0,0.0,0.0,0.0,0.0,0.1184210553765297,0.888
16,6,-1.0,0.0,0.0,0.0,0.0,0.0,0.0,-0.04487279592251778,0.888
16,7,0.0,1,0.0,0.0,0.0,0.0,0.0,0.5,1.0
16,7,0.0,0.0,0.0,-1.0,0.0,0.0,0.0,-0.041876001043081285,1.0
16,7,0.0,0.0,-1.0,0.0,0.0,0.0,0.0,-0.1184220553765297,1.0
16,7,0.0,0.0,0.0,0.0,0.0,0.0,1.0,0.5,1.0
16,8,0.0,1,0.0,0.0,0.0,0.0,0.0,0.5,0.5573770491803278
16,8,0.0,0.0,0.0,-1.0,0.0,0.0,0.0,-0.041876001043081285,0.5573770491803278
16,8,0.0,0.0,-1.0,0.0,0.0,0.0,0.0,-0.1184220553765297,0.5573770491803278
16,8,0.0,0.0,0.0,0.0,0.0,0.0,-1.0,-0.500001,0.5573770491803278
16,9,0.0,-1,0.0,0.0,0.0,0.0,0.0,-0.500001,0.8136645962732919
16,9,0.0,0.0,0.0,0.0,1.0,0.0,0.0,0.5,0.8136645962732919
16,9,0.0,0.0,1.0,0.0,0.0,0.0,0.0,0.19736842066049576,0.8136645962732919
16,9,0.0,0.0,0.0,0.0,0.0,0.0,1.0,0.5,0.8136645962732919
16,10,0.0,-1,0.0,0.0,0.0,0.0,0.0,-0.500001,0.7598299681190224
16,10,0.0,0.0,0.0,0.0,1.0,0.0,0.0,0.5,0.7598299681190224
16,10,0.0,0.0,1.0,0.0,0.0,0.0,0.0,0.19736842066049576,0.7598299681190224
16,10,0.0,0.0,0.0,0.0,0.0,0.0,-1.0,-0.500001,0.7598299681190224
16,11,0.0,-1,0.0,0.0,0.0,0.0,0.0,-0.500001,0.5
16,11,0.0,0.0,0.0,0.0,1.0,0.0,0.0,0.5,0.5
16,11,0.0,0.0,-1.0,0.0,0.0,0.0,0.0,-0.19736942066049576,0.5
16,11,0.0,0.0,0.0,1.0,0.0,0.0,0.0,0.0018749999580904841,0.5
16,12,0.0,-1,0.0,0.0,0.0,0.0,0.0,-0.500001,0.3333333333333333
16,12,0.0,0.0,0.0,0.0,1.0,0.0,0.0,0.5,0.3333333333333333
16,12,0.0,0.0,-1.0,0.0,0.0,0.0,0.0,-0.19736942066049576,0.3333333333333333
16,12,0.0,0.0,0.0,-1.0,0.0,0.0,0.0,-0.001875999958090484,0.3333333333333333
16,13,0.0,-1,0.0,0.0,0.0,0.0,0.0,-0.500001,0.8526011560693642
16,13,0.0,0.0,0.0,0.0,-1.0,0.0,0.0,-0.500001,0.8526011560693642
16,13,0.0,0.0,1.0,0.0,0.0,0.0,0.0,0.46052631735801697,0.8526011560693642
16,13,0.0,0.0,1.0,0.0,0.0,0.0,0.0,0.06578947231173515,0.8526011560693642
16,14,0.0,-1,0.0,0.0,0.0,0.0,0.0,-0.500001,0.7230769230769231
16,14,0.0,0.0,0.0,0.0,-1.0,0.0,0.0,-0.500001,0.7230769230769231
16,14,0.0,0.0,1.0,0.0,0.0,0.0,0.0,0.46052631735801697,0.7230769230769231
16,14,0.0,0.0,-1.0,0.0,0.0,0.0,0.0,-0.06579047231173515,0.7230769230769231
16,15,0.0,-1,0.0,0.0,0.0,0.0,0.0,-0.500001,0.05
16,15,0.0,0.0,0.0,0.0,-1.0,0.0,0.0,-0.500001,0.05
16,15,0.0,0.0,-1.0,0.0,0.0,0.0,0.0,-0.46052731735801694,0.05
16,15,1.0,0.0,0.0,0.0,0.0,0.0,0.0,0.391025647521019,0.05
16,16,0.0,-1,0.0,0.0,0.0,0.0,0.0,-0.500001,0.875
16,16,0.0,0.0,0.0,0.0,-1.0,0.0,0.0,-0.500001,0.875
16,16,0.0,0.0,-1.0,0.0,0.0,0.0,0.0,-0.46052731735801694,0.875
16,16,-1.0,0.0,0.0,0.0,0.0,0.0,0.0,-0.39102664752101896,0.875
17,1,1,0.0,0.0,0.0,0.0,0.0,0.0,0.19871795177459717,0.8497409326424871
17,1,0.0,0.0,0.0,1.0,0.0,0.0,0.0,0.033125000074505806,0.8497409326424871
17,1,0.0,0.0,0.0,0.0,0.0,1.0,0.0,0.5,0.8497409326424871
17,1,0.0,1.0,0.0,0.0,0.0,0.0,0.0,0.5,0.8497409326424871
17,2,1,0.0,0.0,0.0,0.0,0.0,0.0,0.19871795177459717,0.6152671755725191
17,2,0.0,0.0,0.0,1.0,0.0,0.0,0.0,0.033125000074505806,0.6152671755725191
17,2,0.0,0.0,0.0,0.0,0.0,1.0,0.0,0.5,0.6152671755725191
17,2,0.0,-1.0,0.0,0.0,0.0,0.0,0.0,-0.500001,0.6152671755725191
17,3,1,0.0,0.0,0.0,0.0,0.0,0.0,0.19871795177459717,0.902291917973462
17,3,0.0,0.0,0.0,1.0,0.0,0.0,0.0,0.033125000074505806,0.902291917973462
17,3,0.0,0.0,0.0,0.0,0.0,-1.0,0.0,-0.500001,0.902291917973462
17,3,0.0,0.0,1.0,0.0,0.0,0.0,0.0,0.09210526198148727,0.902291917973462
17,4,1,0.0,0.0,0.0,0.0,0.0,0.0,0.19871795177459717,0.6781609195402298
17,4,0.0,0.0,0.0,1.0,0.0,0.0,0.0,0.033125000074505806,0.6781609195402298
17,4,0.0,0.0,0.0,0.0,0.0,-1.0,0.0,-0.500001,0.6781609195402298
17,4,0.0,0.0,-1.0,0.0,0.0,0.0,0.0,-0.09210626198148728,0.6781609195402298
17,5,1,0.0,0.0,0.0,0.0,0.0,0.0,0.19871795177459717,0.550314465408805
17,5,0.0,0.0,0.0,-1.0,0.0,0.0,0.0,-0.03312600007450581,0.550314465408805
17,5,0.0,0.0,0.0,1.0,0.0,0.0,0.0,0.5006250143051147,0.550314465408805
17,5,0.0,0.0,1.0,0.0,0.0,0.0,0.0,0.22368421405553818,0.550314465408805
17,6,1,0.0,0.0,0.0,0.0,0.0,0.0,0.19871795177459717,0.1509433962264151
17,6,0.0,0.0,0.0,-1.0,0.0,0.0,0.0,-0.03312600007450581,0.1509433962264151
17,6,0.0,0.0,0.0,1.0,0.0,0.0,0.0,0.5006250143051147,0.1509433962264151
17,6,0.0,0.0,-1.0,0.0,0.0,0.0,0.0,-0.22368521405553818,0.1509433962264151
17,7,1,0.0,0.0,0.0,0.0,0.0,0.0,0.19871795177459717,0.0
17,7,0.0,0.0,0.0,-1.0,0.0,0.0,0.0,-0.03312600007450581,0.0
17,7,0.0,0.0,0.0,-1.0,0.0,0.0,0.0,-0.5006260143051148,0.0
17,8,-1,0.0,0.0,0.0,0.0,0.0,0.0,-0.19871895177459717,0.9353846153846154
17,8,0.0,0.0,1.0,0.0,0.0,0.0,0.0,0.2763157933950424,0.9353846153846154
17,8,0.0,0.0,0.0,0.0,0.0,1.0,0.0,0.5,0.9353846153846154
17,8,0.0,0.0,0.0,1.0,0.0,0.0,0.0,0.04124999977648258,0.9353846153846154
17,9,-1,0.0,0.0,0.0,0.0,0.0,0.0,-0.19871895177459717,0.6507936507936508
17,9,0.0,0.0,1.0,0.0,0.0,0.0,0.0,0.2763157933950424,0.6507936507936508
17,9,0.0,0.0,0.0,0.0,0.0,1.0,0.0,0.5,0.6507936507936508
17,9,0.0,0.0,0.0,-1.0,0.0,0.0,0.0,-0.04125099977648258,0.6507936507936508
17,10,-1,0.0,0.0,0.0,0.0,0.0,0.0,-0.19871895177459717,0.9600550964187328
17,10,0.0,0.0,1.0,0.0,0.0,0.0,0.0,0.2763157933950424,0.9600550964187328
17,10,0.0,0.0,0.0,0.0,0.0,-1.0,0.0,-0.500001,0.9600550964187328
17,10,1,0.0,0.0,0.0,0.0,0.0,0.0,0.4166666716337204,0.9600550964187328
17,11,-1,0.0,0.0,0.0,0.0,0.0,0.0,-0.19871895177459717,0.9972602739726028
17,11,0.0,0.0,1.0,0.0,0.0,0.0,0.0,0.2763157933950424,0.9972602739726028
17,11,0.0,0.0,0.0,0.0,0.0,-1.0,0.0,-0.500001,0.9972602739726028
17,11,-1,0.0,0.0,0.0,0.0,0.0,0.0,-0.41666767163372037,0.9972602739726028
17,12,-1,0.0,0.0,0.0,0.0,0.0,0.0,-0.19871895177459717,0.46153846153846156
17,12,0.0,0.0,-1.0,0.0,0.0,0.0,0.0,-0.2763167933950424,0.46153846153846156
17,12,0.0,0.0,1.0,0.0,0.0,0.0,0.0,0.539473682641983,0.46153846153846156
17,12,0.0,0.0,0.0,0.0,1.0,0.0,0.0,0.5,0.46153846153846156
17,13,-1,0.0,0.0,0.0,0.0,0.0,0.0,-0.19871895177459717,0.7073170731707317
17,13,0.0,0.0,-1.0,0.0,0.0,0.0,0.0,-0.2763167933950424,0.7073170731707317
17,13,0.0,0.0,1.0,0.0,0.0,0.0,0.0,0.539473682641983,0.7073170731707317
17,13,0.0,0.0,0.0,0.0,-1.0,0.0,0.0,-0.500001,0.7073170731707317
17,14,-1,0.0,0.0,0.0,0.0,0.0,0.0,-0.19871895177459717,0.35714285714285715
17,14,0.0,0.0,-1.0,0.0,0.0,0.0,0.0,-0.2763167933950424,0.35714285714285715
17,14,0.0,0.0,-1.0,0.0,0.0,0.0,0.0,-0.5394746826419831,0.35714285714285715
17,14,0.0,0.0,0.0,1.0,0.0,0.0,0.0,0.006249999860301614,0.35714285714285715
17,15,-1,0.0,0.0,0.0,0.0,0.0,0.0,-0.19871895177459717,0.08695652173913043
17,15,0.0,0.0,-1.0,0.0,0.0,0.0,0.0,-0.2763167933950424,0.08695652173913043
17,15,0.0,0.0,-1.0,0.0,0.0,0.0,0.0,-0.5394746826419831,0.08695652173913043
17,15,0.0,0.0,0.0,-1.0,0.0,0.0,0.0,-0.006250999860301614,0.08695652173913043
18,1,1,0.0,0.0,0.0,0.0,0.0,0.0,0.2628205269575119,0.9088607594936708
18,1,0.0,0.0,0.0,0.0,0.0,0.0,1.0,0.5,0.9088607594936708
18,1,0.0,0.0,1.0,0.0,0.0,0.0,0.0,0.3552631586790085,0.9088607594936708
18,1,0.0,0.0,0.0,1.0,0.0,0.0,0.0,0.003124999930150807,0.9088607594936708
18,2,1,0.0,0.0,0.0,0.0,0.0,0.0,0.2628205269575119,0.8031088082901554
18,2,0.0,0.0,0.0,0.0,0.0,0.0,1.0,0.5,0.8031088082901554
18,2,0.0,0.0,1.0,0.0,0.0,0.0,0.0,0.3552631586790085,0.8031088082901554
18,2,0.0,0.0,0.0,-1.0,0.0,0.0,0.0,-0.003125999930150807,0.8031088082901554
18,3,1,0.0,0.0,0.0,0.0,0.0,0.0,0.2628205269575119,0.0
18,3,0.0,0.0,0.0,0.0,0.0,0.0,1.0,0.5,0.0
18,3,0.0,0.0,-1.0,0.0,0.0,0.0,0.0,-0.35526415867900846,0.0
18,4,1,0.0,0.0,0.0,0.0,0.0,0.0,0.2628205269575119,0.8507619548081976
18,4,0.0,0.0,0.0,0.0,0.0,0.0,-1.0,-0.500001,0.8507619548081976
18,4,0.0,0.0,1.0,0.0,0.0,0.0,0.0,0.17105262726545334,0.8507619548081976
18,4,0.0,0.0,1.0,0.0,0.0,0.0,0.0,0.09210526198148727,0.8507619548081976
18,5,1,0.0,0.0,0.0,0.0,0.0,0.0,0.2628205269575119,0.6766467065868264
18,5,0.0,0.0,0.0,0.0,0.0,0.0,-1.0,-0.500001,0.6766467065868264
18,5,0.0,0.0,1.0,0.0,0.0,0.0,0.0,0.17105262726545334,0.6766467065868264
18,5,0.0,0.0,-1.0,0.0,0.0,0.0,0.0,-0.09210626198148728,0.6766467065868264
18,6,1,0.0,0.0,0.0,0.0,0.0,0.0,0.2628205269575119,0.41530054644808745
18,6,0.0,0.0,0.0,0.0,0.0,0.0,-1.0,-0.500001,0.41530054644808745
18,6,0.0,0.0,-1.0,0.0,0.0,0.0,0.0,-0.17105362726545334,0.41530054644808745
18,6,0.0,0.0,0.0,1.0,0.0,0.0,0.0,0.08687499910593033,0.41530054644808745
18,7,1,0.0,0.0,0.0,0.0,0.0,0.0,0.2628205269575119,0.12195121951219512
18,7,0.0,0.0,0.0,0.0,0.0,0.0,-1.0,-0.500001,0.12195121951219512
18,7,0.0,0.0,-1.0,0.0,0.0,0.0,0.0,-0.17105362726545334,0.12195121951219512
18,7,0.0,0.0,0.0,-1.0,0.0,0.0,0.0,-0.08687599910593033,0.12195121951219512
18,8,-1,0.0,0.0,0.0,0.0,0.0,0.0,-0.2628215269575119,0.9865470852017937
18,8,0.0,0.0,1.0,0.0,0.0,0.0,0.0,0.22368421405553818,0.9865470852017937
18,8,0.0,0.0,1.0,0.0,0.0,0.0,0.0,0.09210526198148727,0.9865470852017937
18,8,1,0.0,0.0,0.0,0.0,0.0,0.0,0.3782051354646683,0.9865470852017937
18,9,-1,0.0,0.0,0.0,0.0,0.0,0.0,-0.2628215269575119,1.0
18,9,0.0,0.0,1.0,0.0,0.0,0.0,0.0,0.22368421405553818,1.0
18,9,0.0,0.0,1.0,0.0,0.0,0.0,0.0,0.09210526198148727,1.0
18,9,-1,0.0,0.0,0.0,0.0,0.0,0.0,-0.37820613546466825,1.0
18,10,-1,0.0,0.0,0.0,0.0,0.0,0.0,-0.2628215269575119,0.9663865546218487
18,10,0.0,0.0,1.0,0.0,0.0,0.0,0.0,0.22368421405553818,0.9663865546218487
18,10,0.0,0.0,-1.0,0.0,0.0,0.0,0.0,-0.09210626198148728,0.9663865546218487
18,10,0.0,0.0,0.0,1.0,0.0,0.0,0.0,0.060624999925494194,0.9663865546218487
18,11,-1,0.0,0.0,0.0,0.0,0.0,0.0,-0.2628215269575119,0.6666666666666666
18,11,0.0,0.0,1.0,0.0,0.0,0.0,0.0,0.22368421405553818,0.6666666666666666
18,11,0.0,0.0,-1.0,0.0,0.0,0.0,0.0,-0.09210626198148728,0.6666666666666666
18,11,0.0,0.0,0.0,-1.0,0.0,0.0,0.0,-0.060625999925494195,0.6666666666666666
18,12,-1,0.0,0.0,0.0,0.0,0.0,0.0,-0.2628215269575119,0.5925925925925926
18,12,0.0,0.0,-1.0,0.0,0.0,0.0,0.0,-0.22368521405553818,0.5925925925925926
18,12,0.0,0.0,0.0,1.0,0.0,0.0,0.0,0.3031250089406967,0.5925925925925926
18,12,1,0.0,0.0,0.0,0.0,0.0,0.0,0.5064102709293365,0.5925925925925926
18,13,-1,0.0,0.0,0.0,0.0,0.0,0.0,-0.2628215269575119,1.0
18,13,0.0,0.0,-1.0,0.0,0.0,0.0,0.0,-0.22368521405553818,1.0
18,13,0.0,0.0,0.0,1.0,0.0,0.0,0.0,0.3031250089406967,1.0
18,13,-1,0.0,0.0,0.0,0.0,0.0,0.0,-0.5064112709293366,1.0
18,14,-1,0.0,0.0,0.0,0.0,0.0,0.0,-0.2628215269575119,0.0
18,14,0.0,0.0,-1.0,0.0,0.0,0.0,0.0,-0.22368521405553818,0.0
18,14,0.0,0.0,0.0,-1.0,0.0,0.0,0.0,-0.3031260089406967,0.0
19,1,0.0,0.0,0.0,1,0.0,0.0,0.0,0.005624999990686774,0.8801611278952669
19,1,0.0,0.0,1.0,0.0,0.0,0.0,0.0,0.19736842066049576,0.8801611278952669
19,1,0.0,0.0,0.0,0.0,0.0,1.0,0.0,0.5,0.8801611278952669
19,1,0.0,0.0,1.0,0.0,0.0,0.0,0.0,0.06578947231173515,0.8801611278952669
19,2,0.0,0.0,0.0,1,0.0,0.0,0.0,0.005624999990686774,0.7714285714285715
19,2,0.0,0.0,1.0,0.0,0.0,0.0,0.0,0.19736842066049576,0.7714285714285715
19,2,0.0,0.0,0.0,0.0,0.0,1.0,0.0,0.5,0.7714285714285715
19,2,0.0,0.0,-1.0,0.0,0.0,0.0,0.0,-0.06579047231173515,0.7714285714285715
19,3,0.0,0.0,0.0,1,0.0,0.0,0.0,0.005624999990686774,0.8875878220140515
19,3,0.0,0.0,1.0,0.0,0.0,0.0,0.0,0.19736842066049576,0.8875878220140515
19,3,0.0,0.0,0.0,0.0,0.0,-1.0,0.0,-0.500001,0.8875878220140515
19,3,1.0,0.0,0.0,0.0,0.0,0.0,0.0,0.10897435992956161,0.8875878220140515
19,4,0.0,0.0,0.0,1,0.0,0.0,0.0,0.005624999990686774,0.9817549956559514
19,4,0.0,0.0,1.0,0.0,0.0,0.0,0.0,0.19736842066049576,0.9817549956559514
19,4,0.0,0.0,0.0,0.0,0.0,-1.0,0.0,-0.500001,0.9817549956559514
19,4,-1.0,0.0,0.0,0.0,0.0,0.0,0.0,-0.10897535992956162,0.9817549956559514
19,5,0.0,0.0,0.0,1,0.0,0.0,0.0,0.005624999990686774,0.5
19,5,0.0,0.0,-1.0,0.0,0.0,0.0,0.0,-0.19736942066049576,0.5
19,5,0.0,1.0,0.0,0.0,0.0,0.0,0.0,0.5,0.5
19,5,0.0,0.0,0.0,0.0,0.0,0.0,1.0,0.5,0.5
19,6,0.0,0.0,0.0,1,0.0,0.0,0.0,0.005624999990686774,0.7142857142857143
19,6,0.0,0.0,-1.0,0.0,0.0,0.0,0.0,-0.19736942066049576,0.7142857142857143
19,6,0.0,1.0,0.0,0.0,0.0,0.0,0.0,0.5,0.7142857142857143
19,6,0.0,0.0,0.0,0.0,0.0,0.0,-1.0,-0.500001,0.7142857142857143
19,7,0.0,0.0,0.0,1,0.0,0.0,0.0,0.005624999990686774,0.34183673469387754
19,7,0.0,0.0,-1.0,0.0,0.0,0.0,0.0,-0.19736942066049576,0.34183673469387754
19,7,0.0,-1.0,0.0,0.0,0.0,0.0,0.0,-0.500001,0.34183673469387754
19,7,1.0,0.0,0.0,0.0,0.0,0.0,0.0,0.3205128312110901,0.34183673469387754
19,8,0.0,0.0,0.0,1,0.0,0.0,0.0,0.005624999990686774,0.7692307692307693
19,8,0.0,0.0,-1.0,0.0,0.0,0.0,0.0,-0.19736942066049576,0.7692307692307693
19,8,0.0,-1.0,0.0,0.0,0.0,0.0,0.0,-0.500001,0.7692307692307693
19,8,-1.0,0.0,0.0,0.0,0.0,0.0,0.0,-0.32051383121109006,0.7692307692307693
19,9,0.0,0.0,0.0,-1,0.0,0.0,0.0,-0.005625999990686774,0.6286549707602339
19,9,0.0,0.0,0.0,1,0.0,0.0,0.0,0.04062500037252903,0.6286549707602339
19,9,0.0,0.0,0.0,0.0,0.0,1.0,0.0,0.5,0.6286549707602339
19,9,0.0,0.0,0.0,1,0.0,0.0,0.0,0.028125000186264515,0.6286549707602339
19,10,0.0,0.0,0.0,-1,0.0,0.0,0.0,-0.005625999990686774,0.7375
19,10,0.0,0.0,0.0,1,0.0,0.0,0.0,0.04062500037252903,0.7375
19,10,0.0,0.0,0.0,0.0,0.0,1.0,0.0,0.5,0.7375
19,10,0.0,0.0,0.0,-1,0.0,0.0,0.0,-0.028126000186264516,0.7375
19,11,0.0,0.0,0.0,-1,0.0,0.0,0.0,-0.005625999990686774,0.9038461538461539
19,11,0.0,0.0,0.0,1,0.0,0.0,0.0,0.04062500037252903,0.9038461538461539
19,11,0.0,0.0,0.0,0.0,0.0,-1.0,0.0,-0.500001,0.9038461538461539
19,11,0.0,1.0,0.0,0.0,0.0,0.0,0.0,0.5,0.9038461538461539
19,12,0.0,0.0,0.0,-1,0.0,0.0,0.0,-0.005625999990686774,0.75
19,12,0.0,0.0,0.0,1,0.0,0.0,0.0,0.04062500037252903,0.75
19,12,0.0,0.0,0.0,0.0,0.0,-1.0,0.0,-0.500001,0.75
19,12,0.0,-1.0,0.0,0.0,0.0,0.0,0.0,-0.500001,0.75
19,13,0.0,0.0,0.0,-1,0.0,0.0,0.0,-0.005625999990686774,0.8297872340425532
19,13,0.0,0.0,0.0,-1,0.0,0.0,0.0,-0.04062600037252903,0.8297872340425532
19,13,0.0,0.0,1.0,0.0,0.0,0.0,0.0,0.14473684132099152,0.8297872340425532
19,13,0.0,0.0,1.0,0.0,0.0,0.0,0.0,0.03947368450462818,0.8297872340425532
19,14,0.0,0.0,0.0,-1,0.0,0.0,0.0,-0.005625999990686774,0.6683417085427136
19,14,0.0,0.0,0.0,-1,0.0,0.0,0.0,-0.04062600037252903,0.6683417085427136
19,14,0.0,0.0,1.0,0.0,0.0,0.0,0.0,0.14473684132099152,0.6683417085427136
19,14,0.0,0.0,-1.0,0.0,0.0,0.0,0.0,-0.03947468450462818,0.6683417085427136
19,15,0.0,0.0,0.0,-1,0.0,0.0,0.0,-0.005625999990686774,0.22727272727272727
19,15,0.0,0.0,0.0,-1,0.0,0.0,0.0,-0.04062600037252903,0.22727272727272727
19,15,0.0,0.0,-1.0,0.0,0.0,0.0,0.0,-0.14473784132099152,0.22727272727272727
19,15,1.0,0.0,0.0,0.0,0.0,0.0,0.0,0.22435897588729858,0.22727272727272727
19,16,0.0,0.0,0.0,-1,0.0,0.0,0.0,-0.005625999990686774,0.5824175824175825
19,16,0.0,0.0,0.0,-1,0.0,0.0,0.0,-0.04062600037252903,0.5824175824175825
19,16,0.0,0.0,-1.0,0.0,0.0,0.0,0.0,-0.14473784132099152,0.5824175824175825
19,16,-1.0,0.0,0.0,0.0,0.0,0.0,0.0,-0.22435997588729858,0.5824175824175825
